frequency,tubing,changed_value,current_frequency,current_tubing,recommended_frequency,recommended_tubing,Sum of flag
40,0,200.84769000000003,62,300,64,340,1
40,20,202.37068000000002,62,300,64,340,1
40,40,204.52812000000003,62,300,64,340,1
40,60,207.37854000000002,62,300,64,340,1
40,80,210.95413000000002,62,300,64,340,1
40,100,215.24573,62,300,64,340,1
40,120,220.19035000000002,62,300,64,340,1
40,140,225.66353,62,300,64,340,1
40,160,231.4822,62,300,64,340,1
40,180,237.41864,62,300,64,340,1
40,200,243.22505,62,300,64,340,0
40,220,248.6639,62,300,64,340,0
40,240,253.53453000000002,62,300,64,340,0
40,260,257.69202,62,300,64,340,0
40,280,261.05298000000005,62,300,64,340,0
40,300,263.5916,62,300,64,340,0
40,320,265.32764000000003,62,300,64,340,0
40,340,266.31165000000004,62,300,64,340,0
40,360,266.6127,62,300,64,340,0
40,380,266.30627000000004,62,300,64,340,0
40,400,265.46747000000005,62,300,64,340,0
40,420,264.16577,62,300,64,340,0
40,440,262.4648,62,300,64,340,0
40,460,260.41974000000005,62,300,64,340,0
40,480,258.08002000000005,62,300,64,340,0
40,500,255.48944000000003,62,300,64,340,0
40,520,252.68741000000003,62,300,64,340,0
40,540,249.71193000000002,62,300,64,340,0
40,560,246.59857000000002,62,300,64,340,0
40,580,243.38274,62,300,64,340,0
40,600,240.09910000000002,62,300,64,340,0
40,620,236.78206000000003,62,300,64,340,0
40,640,233.46541000000002,62,300,64,340,0
40,660,230.18166000000002,62,300,64,340,0
40,680,226.96185000000003,62,300,64,340,0
40,700,223.8338,62,300,64,340,0
40,720,220.82257,62,300,64,340,0
40,740,217.94896000000003,62,300,64,340,0
40,760,215.22989,62,300,64,340,0
40,780,212.67780000000002,62,300,64,340,0
40,800,210.30083000000002,62,300,64,340,0
40,820,208.10295000000002,62,300,64,340,1
40,840,206.08466,62,300,64,340,1
40,860,204.24257000000003,62,300,64,340,1
40,880,202.57132000000001,62,300,64,340,1
40,900,201.06273000000002,62,300,64,340,1
40,920,199.7074,62,300,64,340,1
40,940,198.49432000000002,62,300,64,340,1
40,960,197.41214000000002,62,300,64,340,1
40,980,196.44882,62,300,64,340,1
40,1000,195.59232000000003,62,300,64,340,1
41,0,202.89542000000003,62,300,64,340,1
41,20,204.39656000000002,62,300,64,340,1
41,40,206.52324000000002,62,300,64,340,1
41,60,209.33679,62,300,64,340,1
41,80,212.87321000000003,62,300,64,340,1
41,100,217.12923,62,300,64,340,1
41,120,222.04826000000003,62,300,64,340,1
41,140,227.51302,62,300,64,340,1
41,160,233.34612,62,300,64,340,1
41,180,239.32236000000003,62,300,64,340,1
41,200,245.19328000000002,62,300,64,340,0
41,220,250.71661000000003,62,300,64,340,0
41,240,255.68425000000002,62,300,64,340,0
41,260,259.94232,62,300,64,340,0
41,280,263.39893,62,300,64,340,0
41,300,266.02070000000003,62,300,64,340,0
41,320,267.8222,62,300,64,340,0
41,340,268.85175000000004,62,300,64,340,0
41,360,269.1769,62,300,64,340,0
41,380,268.87415000000004,62,300,64,340,0
41,400,268.02008,62,300,64,340,0
41,420,266.6873,62,300,64,340,0
41,440,264.9417,62,300,64,340,0
41,460,262.84268000000003,62,300,64,340,0
41,480,260.4429,62,300,64,340,0
41,500,257.79016,62,300,64,340,0
41,520,254.92795,62,300,64,340,0
41,540,251.89737000000002,62,300,64,340,0
41,560,248.73808000000002,62,300,64,340,0
41,580,245.48805000000002,62,300,64,340,0
41,600,242.18459,62,300,64,340,0
41,620,238.86401,62,300,64,340,0
41,640,235.56097000000003,62,300,64,340,0
41,660,232.30847000000003,62,300,64,340,0
41,680,229.13646000000003,62,300,64,340,0
41,700,226.07181000000003,62,300,64,340,0
41,720,223.13762000000003,62,300,64,340,0
41,740,220.35233000000002,62,300,64,340,0
41,760,217.73026000000002,62,300,64,340,0
41,780,215.2809,62,300,64,340,0
41,800,213.00986,62,300,64,340,0
41,820,210.91862,62,300,64,340,1
41,840,209.00517000000002,62,300,64,340,1
41,860,207.26459000000003,62,300,64,340,1
41,880,205.68936000000002,62,300,64,340,1
41,900,204.27058000000002,62,300,64,340,1
41,920,202.99744,62,300,64,340,1
41,940,201.85863,62,300,64,340,1
41,960,200.84227,62,300,64,340,1
41,980,199.93602,62,300,64,340,1
41,1000,199.12804000000003,62,300,64,340,1
42,0,205.21547,62,300,64,340,1
42,20,206.69647,62,300,64,340,1
42,40,208.79404000000002,62,300,64,340,1
42,60,211.57182000000003,62,300,64,340,1
42,80,215.06990000000002,62,300,64,340,1
42,100,219.29019000000002,62,300,64,340,1
42,120,224.18285000000003,62,300,64,340,1
42,140,229.63744000000003,62,300,64,340,1
42,160,235.48225000000002,62,300,64,340,1
42,180,241.49539000000001,62,300,64,340,1
42,200,247.42769,62,300,64,340,0
42,220,253.03287000000003,62,300,64,340,0
42,240,258.0951,62,300,64,340,0
42,260,262.45203000000004,62,300,64,340,0
42,280,266.00238,62,300,64,340,0
42,300,268.70602,62,300,64,340,0
42,320,270.57214000000005,62,300,64,340,0
42,340,271.64587,62,300,64,340,0
42,360,271.99408,62,300,64,340,0
42,380,271.69397000000004,62,300,64,340,0
42,400,270.82397000000003,62,300,64,340,0
42,420,269.45966000000004,62,300,64,340,0
42,440,267.67047,62,300,64,340,0
42,460,265.51923000000005,62,300,64,340,0
42,480,263.06287000000003,62,300,64,340,0
42,500,260.35284,62,300,64,340,0
42,520,257.43698,62,300,64,340,0
42,540,254.35994000000002,62,300,64,340,0
42,560,251.16435,62,300,64,340,0
42,580,247.8914,62,300,64,340,0
42,600,244.58022000000003,62,300,64,340,0
42,620,241.26857,62,300,64,340,0
42,640,237.99162,62,300,64,340,0
42,660,234.78217,62,300,64,340,0
42,680,231.66902000000002,62,300,64,340,0
42,700,228.67712000000003,62,300,64,340,0
42,720,225.82742000000002,62,300,64,340,0
42,740,223.13599000000002,62,300,64,340,0
42,760,220.61418,62,300,64,340,0
42,780,218.26915000000002,62,300,64,340,0
42,800,216.10345,62,300,64,340,0
42,820,214.11647000000002,62,300,64,340,1
42,840,212.30405000000002,62,300,64,340,1
42,860,210.65942,62,300,64,340,1
42,880,209.17416000000003,62,300,64,340,1
42,900,207.83792000000003,62,300,64,340,1
42,920,206.63942000000003,62,300,64,340,1
42,940,205.56673,62,300,64,340,1
42,960,204.60767,62,300,64,340,1
42,980,203.75018000000003,62,300,64,340,1
42,1000,202.98238,62,300,64,340,1
43,0,207.80418000000003,62,300,64,340,1
43,20,209.26599000000002,62,300,64,340,1
43,40,211.33568000000002,62,300,64,340,1
43,60,214.07864,62,300,64,340,1
43,80,217.53864000000002,62,300,64,340,1
43,100,221.72267000000002,62,300,64,340,1
43,120,226.58772000000002,62,300,64,340,1
43,140,232.02997000000002,62,300,64,340,1
43,160,237.88373,62,300,64,340,1
43,180,243.93030000000002,62,300,64,340,1
43,200,249.92085000000003,62,300,64,340,0
43,220,255.60446000000002,62,300,64,340,0
43,240,260.75885,62,300,64,340,0
43,260,265.2121,62,300,64,340,0
43,280,268.85492000000005,62,300,64,340,0
43,300,271.63922,62,300,64,340,0
43,320,273.5688,62,300,64,340,0
43,340,274.6859,62,300,64,340,0
43,360,275.0566,62,300,64,340,0
43,380,274.7586,62,300,64,340,0
43,400,273.87292,62,300,64,340,0
43,420,272.47812000000005,62,300,64,340,0
43,440,270.64728,62,300,64,340,0
43,460,268.44733,62,300,64,340,0
43,480,265.93924000000004,62,300,64,340,0
43,500,263.17865,62,300,64,340,0
43,520,260.2174,62,300,64,340,0
43,540,257.1037,62,300,64,340,0
43,560,253.88339000000002,62,300,64,340,0
43,580,250.59988,62,300,64,340,0
43,600,247.29413000000002,62,300,64,340,0
43,620,244.00455000000002,62,300,64,340,0
43,640,240.7665,62,300,64,340,0
43,660,237.61166000000003,62,300,64,340,0
43,680,234.56761000000003,62,300,64,340,0
43,700,231.65723000000003,62,300,64,340,0
43,720,228.89893,62,300,64,340,0
43,740,226.30588000000003,62,300,64,340,0
43,760,223.88701000000003,62,300,64,340,0
43,780,221.64648000000003,62,300,64,340,0
43,800,219.58485000000002,62,300,64,340,0
43,820,217.69920000000002,62,300,64,340,1
43,840,215.98318,62,300,64,340,1
43,860,214.42915000000002,62,300,64,340,1
43,880,213.02734,62,300,64,340,1
43,900,211.7665,62,300,64,340,1
43,920,210.63489,62,300,64,340,1
43,940,209.62039000000001,62,300,64,340,1
43,960,208.71092000000002,62,300,64,340,1
43,980,207.89429,62,300,64,340,1
43,1000,207.15906,62,300,64,340,1
44,0,210.65698,62,300,64,340,1
44,20,212.10025000000002,62,300,64,340,1
44,40,214.14247000000003,62,300,64,340,1
44,60,216.85088000000002,62,300,64,340,1
44,80,220.2725,62,300,64,340,1
44,100,224.41972,62,300,64,340,1
44,120,229.25560000000002,62,300,64,340,1
44,140,234.68312000000003,62,300,64,340,1
44,160,240.54236000000003,62,300,64,340,1
44,180,246.61876,62,300,64,340,1
44,200,252.66339000000002,62,300,64,340,0
44,220,258.42212,62,300,64,340,0
44,240,263.66556,62,300,64,340,0
44,260,268.21320000000003,62,300,64,340,0
44,280,271.94678000000005,62,300,64,340,0
44,300,274.81036,62,300,64,340,0
44,320,276.80273,62,300,64,340,0
44,340,277.96270000000004,62,300,64,340,0
44,360,278.35562000000004,62,300,64,340,0
44,380,278.0605,62,300,64,340,0
44,400,277.16040000000004,62,300,64,340,0
44,420,275.73743,62,300,64,340,0
44,440,273.86832000000004,62,300,64,340,0
44,460,271.62457,62,300,64,340,0
44,480,269.0713,62,300,64,340,0
44,500,266.26846,62,300,64,340,0
44,520,263.27194000000003,62,300,64,340,0
44,540,260.133,62,300,64,340,0
44,560,256.9005,62,300,64,340,0
44,580,253.61981000000003,62,300,64,340,0
44,600,250.33289000000002,62,300,64,340,0
44,620,247.0789,62,300,64,340,0
44,640,243.8924,62,300,64,340,0
44,660,240.80377000000001,62,300,64,340,0
44,680,237.83842,62,300,64,340,0
44,700,235.01744000000002,62,300,64,340,0
44,720,232.35623,62,300,64,340,0
44,740,229.86534000000003,62,300,64,340,0
44,760,227.55072,62,300,64,340,0
44,780,225.41457000000003,62,300,64,340,0
44,800,223.45485000000002,62,300,64,340,0
44,820,221.66664000000003,62,300,64,340,1
44,840,220.04250000000002,62,300,64,340,1
44,860,218.57332000000002,62,300,64,340,1
44,880,217.24828000000002,62,300,64,340,1
44,900,216.05582,62,300,64,340,1
44,920,214.98375000000001,62,300,64,340,1
44,940,214.02019,62,300,64,340,1
44,960,213.15277,62,300,64,340,1
44,980,212.36969000000002,62,300,64,340,1
44,1000,211.65977,62,300,64,340,1
45,0,213.77011000000002,62,300,64,340,1
45,20,215.19484000000003,62,300,64,340,1
45,40,217.20934000000003,62,300,64,340,1
45,60,219.88303000000002,62,300,64,340,1
45,80,223.26595000000003,62,300,64,340,1
45,100,227.37495,62,300,64,340,1
45,120,232.17938,62,300,64,340,1
45,140,237.58908000000002,62,300,64,340,1
45,160,243.4503,62,300,64,340,1
45,180,249.55246000000002,62,300,64,340,1
45,200,255.64710000000002,62,300,64,340,0
45,220,261.47700000000003,62,300,64,340,0
45,240,266.80603,62,300,64,340,0
45,260,271.44525000000004,62,300,64,340,0
45,280,275.26776,62,300,64,340,0
45,300,278.20972,62,300,64,340,0
45,320,280.26410000000004,62,300,64,340,0
45,340,281.46695,62,300,64,340,0
45,360,281.8829,62,300,64,340,0
45,380,281.5916,62,300,64,340,0
45,400,280.67920000000004,62,300,64,340,0
45,420,279.23132000000004,62,300,64,340,0
45,440,277.32904,62,300,64,340,0
45,460,275.04785000000004,62,300,64,340,0
45,480,272.45776,62,300,64,340,0
45,500,269.62265,62,300,64,340,0
45,520,266.60205,62,300,64,340,0
45,540,263.45062,62,300,64,340,0
45,560,260.21973,62,300,64,340,0
45,580,256.9558,62,300,64,340,0
45,600,253.70209000000003,62,300,64,340,0
45,620,250.49696000000003,62,300,64,340,0
45,640,247.37407000000002,62,300,64,340,0
45,660,244.36235000000002,62,300,64,340,0
45,680,241.48495000000003,62,300,64,340,0
45,700,238.76004000000003,62,300,64,340,0
45,720,236.20044000000001,62,300,64,340,0
45,740,233.81432,62,300,64,340,0
45,760,231.60481000000001,62,300,64,340,0
45,780,229.57164000000003,62,300,64,340,0
45,800,227.71098,62,300,64,340,0
45,820,226.01627000000002,62,300,64,340,1
45,840,224.47878000000003,62,300,64,340,1
45,860,223.08847000000003,62,300,64,340,1
45,880,221.83377000000002,62,300,64,340,1
45,900,220.70280000000002,62,300,64,340,1
45,920,219.68353000000002,62,300,64,340,1
45,940,218.76367000000002,62,300,64,340,1
45,960,217.93141000000003,62,300,64,340,1
45,980,217.17510000000001,62,300,64,340,1
45,1000,216.48418,62,300,64,340,1
46,0,217.14314000000002,62,300,64,340,1
46,20,218.54868000000002,62,300,64,340,1
46,40,220.53491000000002,62,300,64,340,1
46,60,223.17279000000002,62,300,64,340,1
46,80,226.51535,62,300,64,340,1
46,100,230.58429,62,300,64,340,1
46,120,235.35468000000003,62,300,64,340,1
46,140,240.74313,62,300,64,340,1
46,160,246.60196000000002,62,300,64,340,1
46,180,252.72496,62,300,64,340,1
46,200,258.8647,62,300,64,340,0
46,220,264.76123,62,300,64,340,0
46,240,270.17218,62,300,64,340,0
46,260,274.90033,62,300,64,340,0
46,280,278.80940000000004,62,300,64,340,0
46,300,281.82837,62,300,64,340,0
46,320,283.9443,62,300,64,340,0
46,340,285.19028000000003,62,300,64,340,0
46,360,285.62988,62,300,64,340,0
46,380,285.3448,62,300,64,340,0
46,400,284.42346000000003,62,300,64,340,0
46,420,282.95523000000003,62,300,64,340,0
46,440,281.02576000000005,62,300,64,340,0
46,460,278.71518000000003,62,300,64,340,0
46,480,276.09770000000003,62,300,64,340,0
46,500,273.24152000000004,62,300,64,340,0
46,520,270.2094,62,300,64,340,0
46,540,267.05940000000004,62,300,64,340,0
46,560,263.844,62,300,64,340,0
46,580,260.61136000000005,62,300,64,340,0
46,600,257.40457000000004,62,300,64,340,0
46,620,254.26135000000002,62,300,64,340,0
46,640,251.21382000000003,62,300,64,340,0
46,660,248.28877000000003,62,300,64,340,0
46,680,245.50685000000001,62,300,64,340,0
46,700,242.88379000000003,62,300,64,340,0
46,720,240.42960000000002,62,300,64,340,0
46,740,238.14955000000003,62,300,64,340,0
46,760,236.04465000000002,62,300,64,340,0
46,780,234.11275,62,300,64,340,0
46,800,232.34781,62,300,64,340,0
46,820,230.74216,62,300,64,340,1
46,840,229.28592000000003,62,300,64,340,1
46,860,227.96838000000002,62,300,64,340,1
46,880,226.77766000000003,62,300,64,340,1
46,900,225.70168,62,300,64,340,1
46,920,224.72823000000002,62,300,64,340,1
46,940,223.84557,62,300,64,340,1
46,960,223.04198000000002,62,300,64,340,1
46,980,222.30635,62,300,64,340,1
46,1000,221.62848000000002,62,300,64,340,1
47,0,220.782,62,300,64,340,1
47,20,222.16646000000003,62,300,64,340,1
47,40,224.12247000000002,62,300,64,340,1
47,60,226.7227,62,300,64,340,1
47,80,230.02286,62,300,64,340,1
47,100,234.0489,62,300,64,340,1
47,120,238.78178000000003,62,300,64,340,1
47,140,244.14459000000002,62,300,64,340,1
47,160,249.99602000000002,62,300,64,340,1
47,180,256.13434,62,300,64,340,1
47,200,262.31372000000005,62,300,64,340,0
47,220,268.27158000000003,62,300,64,340,0
47,240,273.75974,62,300,64,340,0
47,260,278.573,62,300,64,340,0
47,280,282.56622000000004,62,300,64,340,0
47,300,285.66058000000004,62,300,64,340,0
47,320,287.8376,62,300,64,340,0
47,340,289.127,62,300,64,340,0
47,360,289.59216000000004,62,300,64,340,0
47,380,289.31555000000003,62,300,64,340,0
47,400,288.38916,62,300,64,340,0
47,420,286.90634,62,300,64,340,0
47,440,284.95697,62,300,64,340,0
47,460,282.62585,62,300,64,340,0
47,480,279.99173,62,300,64,340,0
47,500,277.12662,62,300,64,340,0
47,520,274.09674,62,300,64,340,0
47,540,270.962,62,300,64,340,0
47,560,267.77680000000004,62,300,64,340,0
47,580,264.58957000000004,62,300,64,340,0
47,600,261.44318000000004,62,300,64,340,0
47,620,258.37378,62,300,64,340,0
47,640,255.41206000000003,62,300,64,340,0
47,660,252.58212000000003,62,300,64,340,0
47,680,249.90236000000002,62,300,64,340,0
47,700,247.3853,62,300,64,340,0
47,720,245.03859000000003,62,300,64,340,0
47,740,242.86519,62,300,64,340,0
47,760,240.86372000000003,62,300,64,340,0
47,780,239.02992000000003,62,300,64,340,0
47,800,237.35674000000003,62,300,64,340,0
47,820,235.83508000000003,62,300,64,340,1
47,840,234.45453,62,300,64,340,1
47,860,233.20357,62,300,64,340,1
47,880,232.07045000000002,62,300,64,340,1
47,900,231.04286000000002,62,300,64,340,1
47,920,230.10892,62,300,64,340,1
47,940,229.25711,62,300,64,340,1
47,960,228.47615000000002,62,300,64,340,1
47,980,227.75560000000002,62,300,64,340,1
47,1000,227.08543000000003,62,300,64,340,1
48,0,224.70154000000002,62,300,64,340,1
48,20,226.06169000000003,62,300,64,340,1
48,40,227.98473,62,300,64,340,1
48,60,230.54422000000002,62,300,64,340,1
48,80,233.79852000000002,62,300,64,340,1
48,100,237.77776000000003,62,300,64,340,1
48,120,242.46848000000003,62,300,64,340,1
48,140,247.80034000000003,62,300,64,340,1
48,160,253.63834000000003,62,300,64,340,1
48,180,259.7853,62,300,64,340,1
48,200,265.99756,62,300,64,340,0
48,220,272.01056,62,300,64,340,0
48,240,277.5707,62,300,64,340,0
48,260,282.46448000000004,62,300,64,340,0
48,280,286.53860000000003,62,300,64,340,0
48,300,289.7063,62,300,64,340,0
48,320,291.94345000000004,62,300,64,340,0
48,340,293.27680000000004,62,300,64,340,0
48,360,293.76892000000004,62,300,64,340,0
48,380,293.5041,62,300,64,340,0
48,400,292.5775,62,300,64,340,0
48,420,291.08615000000003,62,300,64,340,0
48,440,289.12494000000004,62,300,64,340,0
48,460,286.7832,62,300,64,340,0
48,480,284.14392000000004,62,300,64,340,0
48,500,281.2826,62,300,64,340,0
48,520,278.26837,62,300,64,340,0
48,540,275.16315000000003,62,300,64,340,0
48,560,272.02216000000004,62,300,64,340,0
48,580,268.89392000000004,62,300,64,340,0
48,600,265.82007000000004,62,300,64,340,0
48,620,262.83557,62,300,64,340,0
48,640,259.96838,62,300,64,340,0
48,660,257.24063,62,300,64,340,0
48,680,254.66768000000002,62,300,64,340,0
48,700,252.25955000000002,62,300,64,340,0
48,720,250.02110000000002,62,300,64,340,0
48,740,247.9531,62,300,64,340,0
48,760,246.05237000000002,62,300,64,340,0
48,780,244.31319000000002,62,300,64,340,0
48,800,242.72696000000002,62,300,64,340,0
48,820,241.28387,62,300,64,340,1
48,840,239.9729,62,300,64,340,1
48,860,238.78242000000003,62,300,64,340,1
48,880,237.70027000000002,62,300,64,340,1
48,900,236.71466,62,300,64,340,1
48,920,235.81396,62,300,64,340,1
48,940,234.98695,62,300,64,340,1
48,960,234.22298,62,300,64,340,1
48,980,233.5119,62,300,64,340,1
48,1000,232.84464000000003,62,300,64,340,1
49,0,228.92818000000003,62,300,64,340,1
49,20,230.25983000000002,62,300,64,340,1
49,40,232.14534000000003,62,300,64,340,1
49,60,234.65964000000002,62,300,64,340,1
49,80,237.8633,62,300,64,340,1
49,100,241.79053000000002,62,300,64,340,1
49,120,246.43321000000003,62,300,64,340,1
49,140,251.72743000000003,62,300,64,340,1
49,160,257.5446,62,300,64,340,1
49,180,263.69244000000003,62,300,64,340,1
49,200,269.9297,62,300,64,340,0
49,220,275.99010000000004,62,300,64,340,0
49,240,281.61545,62,300,64,340,0
49,260,286.58447,62,300,64,340,0
49,280,290.73535000000004,62,300,64,340,0
49,300,293.97363,62,300,64,340,0
49,320,296.26965,62,300,64,340,0
49,340,297.64694000000003,62,300,64,340,0
49,360,298.1676,62,300,64,340,0
49,380,297.91790000000003,62,300,64,340,0
49,400,296.9959,62,300,64,340,0
49,420,295.50293000000005,62,300,64,340,0
49,440,293.53857000000005,62,300,64,340,0
49,460,291.19640000000004,62,300,64,340,0
49,480,288.56348,62,300,64,340,0
49,500,285.7188,62,300,64,340,0
49,520,282.73358,62,300,64,340,0
49,540,279.6714,62,300,64,340,0
49,560,276.58765,62,300,64,340,0
49,580,273.53046,62,300,64,340,0
49,600,270.53983,62,300,64,340,0
49,620,267.64893,62,300,64,340,0
49,640,264.88364,62,300,64,340,0
49,660,262.2628,62,300,64,340,0
49,680,259.7995,62,300,64,340,0
49,700,257.5011,62,300,64,340,0
49,720,255.37018000000003,62,300,64,340,0
49,740,253.40512,62,300,64,340,0
49,760,251.60150000000002,62,300,64,340,0
49,780,249.952,62,300,64,340,0
49,800,248.44698000000002,62,300,64,340,0
49,820,247.07625000000002,62,300,64,340,1
49,840,245.82837,62,300,64,340,1
49,860,244.69157,62,300,64,340,1
49,880,243.65388000000002,62,300,64,340,1
49,900,242.70383,62,300,64,340,1
49,920,241.83005000000003,62,300,64,340,1
49,940,241.02187,62,300,64,340,1
49,960,240.26909,62,300,64,340,1
49,980,239.56253,62,300,64,340,1
49,1000,238.89322,62,300,64,340,1
50,0,233.5029,62,300,64,340,1
50,20,234.79955,62,300,64,340,1
50,40,236.64163000000002,62,300,64,340,1
50,60,239.1045,62,300,64,340,1
50,80,242.25134000000003,62,300,64,340,1
50,100,246.11977000000002,62,300,64,340,1
50,120,250.70708000000002,62,300,64,340,1
50,140,255.95529000000002,62,300,64,340,1
50,160,261.7427,62,300,64,340,1
50,180,267.88232000000005,62,300,64,340,1
50,200,274.13507000000004,62,300,64,340,0
50,220,280.23413000000005,62,300,64,340,0
50,240,285.91656,62,300,64,340,0
50,260,290.95392000000004,62,300,64,340,0
50,280,295.1764,62,300,64,340,0
50,300,298.48163000000005,62,300,64,340,0
50,320,300.83438,62,300,64,340,0
50,340,302.25530000000003,62,300,64,340,0
50,360,302.8061,62,300,64,340,0
50,380,302.57452,62,300,64,340,0
50,400,301.66205,62,300,64,340,0
50,420,300.17426,62,300,64,340,0
50,440,298.21524000000005,62,300,64,340,0
50,460,295.88275000000004,62,300,64,340,0
50,480,293.26758,62,300,64,340,0
50,500,290.45160000000004,62,300,64,340,0
50,520,287.50780000000003,62,300,64,340,0
50,540,284.5008,62,300,64,340,0
50,560,281.48578000000003,62,300,64,340,0
50,580,278.50955000000005,62,300,64,340,0
50,600,275.61096000000003,62,300,64,340,0
50,620,272.82062,62,300,64,340,0
50,640,270.16162,62,300,64,340,0
50,660,267.65042,62,300,64,340,0
50,680,265.2975,62,300,64,340,0
50,700,263.10754000000003,62,300,64,340,0
50,720,261.08112,62,300,64,340,0
50,740,259.2151,62,300,64,340,0
50,760,257.50336000000004,62,300,64,340,0
50,780,255.93726,62,300,64,340,0
50,800,254.50713000000002,62,300,64,340,0
50,820,253.20183000000003,62,300,64,340,1
50,840,252.00975000000003,62,300,64,340,1
50,860,250.91948000000002,62,300,64,340,1
50,880,249.91928000000001,62,300,64,340,1
50,900,248.99792000000002,62,300,64,340,1
50,920,248.14440000000002,62,300,64,340,1
50,940,247.34898,62,300,64,340,1
50,960,246.60178000000002,62,300,64,340,1
50,980,245.89429,62,300,64,340,1
50,1000,245.21829000000002,62,300,64,340,1
51,0,238.48064000000002,62,300,64,340,1
51,20,239.73456000000002,62,300,64,340,1
51,40,241.52525000000003,62,300,64,340,1
51,60,243.92897000000002,62,300,64,340,1
51,80,247.01088000000001,62,300,64,340,1
51,100,250.81194000000002,62,300,64,340,1
51,120,255.33460000000002,62,300,64,340,1
51,140,260.52728,62,300,64,340,1
51,160,266.27435,62,300,64,340,1
51,180,272.39478,62,300,64,340,1
51,200,278.65222,62,300,64,340,0
51,220,284.77942,62,300,64,340,0
51,240,290.50946000000005,62,300,64,340,0
51,260,295.60724000000005,62,300,64,340,0
51,280,299.89444000000003,62,300,64,340,0
51,300,303.26202,62,300,64,340,0
51,320,305.66882000000004,62,300,64,340,0
51,340,307.13245,62,300,64,340,0
51,360,307.71410000000003,62,300,64,340,0
51,380,307.50348,62,300,64,340,0
51,400,306.6053,62,300,64,340,0
51,420,305.1292,62,300,64,340,0
51,440,303.18353,62,300,64,340,0
51,460,300.87036,62,300,64,340,0
51,480,298.28333000000003,62,300,64,340,0
51,500,295.50690000000003,62,300,64,340,0
51,520,292.61563,62,300,64,340,0
51,540,289.6739,62,300,64,340,0
51,560,286.73666000000003,62,300,64,340,0
51,580,283.84955,62,300,64,340,0
51,600,281.04883,62,300,64,340,0
51,620,278.36273,62,300,64,340,0
51,640,275.81213,62,300,64,340,0
51,660,273.4107,62,300,64,340,0
51,680,271.16617,62,300,64,340,0
51,700,269.08124000000004,62,300,64,340,0
51,720,267.15472,62,300,64,340,0
51,740,265.38165000000004,62,300,64,340,0
51,760,263.75485000000003,62,300,64,340,0
51,780,262.26495,62,300,64,340,0
51,800,260.90155000000004,62,300,64,340,0
51,820,259.65363,62,300,64,340,1
51,840,258.50955000000005,62,300,64,340,1
51,860,257.4579,62,300,64,340,1
51,880,256.48737,62,300,64,340,1
51,900,255.58731000000003,62,300,64,340,1
51,920,254.74738000000002,62,300,64,340,1
51,940,253.95796,62,300,64,340,1
51,960,253.21036,62,300,64,340,1
51,980,252.49632000000003,62,300,64,340,1
51,1000,251.80836000000002,62,300,64,340,1
52,0,243.92986000000002,62,300,64,340,1
52,20,245.13148,62,300,64,340,1
52,40,246.86122000000003,62,300,64,340,1
52,60,249.19633000000002,62,300,64,340,1
52,80,252.20346,62,300,64,340,1
52,100,255.92732,62,300,64,340,1
52,120,260.37463,62,300,64,340,1
52,140,265.50034,62,300,64,340,1
52,160,271.19530000000003,62,300,64,340,1
52,180,277.28394000000003,62,300,64,340,1
52,200,283.53360000000004,62,300,64,340,0
52,220,289.67712,62,300,64,340,0
52,240,295.4438,62,300,64,340,0
52,260,300.59244,62,300,64,340,0
52,280,304.93713,62,300,64,340,0
52,300,308.36133,62,300,64,340,0
52,320,310.8183,62,300,64,340,0
52,340,312.32288,62,300,64,340,0
52,360,312.9359,62,300,64,340,0
52,380,312.74850000000004,62,300,64,340,0
52,400,311.8687,62,300,64,340,0
52,420,310.41040000000004,62,300,64,340,0
52,440,308.48547,62,300,64,340,0
52,460,306.19983,62,300,64,340,0
52,480,303.64996,62,300,64,340,0
52,500,300.92236,62,300,64,340,0
52,520,298.09207000000004,62,300,64,340,0
52,540,295.22375000000005,62,300,64,340,0
52,560,292.37080000000003,62,300,64,340,0
52,580,289.57727,62,300,64,340,0
52,600,286.8774,62,300,64,340,0
52,620,284.29672000000005,62,300,64,340,0
52,640,281.85352,62,300,64,340,0
52,660,279.5588,62,300,64,340,0
52,680,277.41833,62,300,64,340,0
52,700,275.4327,62,300,64,340,0
52,720,273.59880000000004,62,300,64,340,0
52,740,271.91083000000003,62,300,64,340,0
52,760,270.36023,62,300,64,340,0
52,780,268.93760000000003,62,300,64,340,0
52,800,267.63196000000005,62,300,64,340,0
52,820,266.43216,62,300,64,340,1
52,840,265.3269,62,300,64,340,1
52,860,264.305,62,300,64,340,1
52,880,263.35587000000004,62,300,64,340,1
52,900,262.46893,62,300,64,340,1
52,920,261.63477,62,300,64,340,1
52,940,260.84448000000003,62,300,64,340,1
52,960,260.08966000000004,62,300,64,340,1
52,980,259.3629,62,300,64,340,1
52,1000,258.65735,62,300,64,340,1
53,0,249.92726000000002,62,300,64,340,1
53,20,251.06601000000003,62,300,64,340,1
53,40,252.72421000000003,62,300,64,340,1
53,60,254.97983000000002,62,300,64,340,1
53,80,257.90143,62,300,64,340,1
53,100,261.53632000000005,62,300,64,340,1
53,120,265.89667000000003,62,300,64,340,1
53,140,270.94275000000005,62,300,64,340,1
53,160,276.57233,62,300,64,340,1
53,180,282.61566000000005,62,300,64,340,1
53,200,288.84378000000004,62,300,64,340,0
53,220,294.99033000000003,62,300,64,340,0
53,240,300.78180000000003,62,300,64,340,0
53,260,305.97090000000003,62,300,64,340,0
53,280,310.3644,62,300,64,340,0
53,300,313.83860000000004,62,300,64,340,0
53,320,316.34186000000005,62,300,64,340,0
53,340,317.88507000000004,62,300,64,340,0
53,360,318.52924,62,300,64,340,0
53,380,318.36707,62,300,64,340,0
53,400,317.50928000000005,62,300,64,340,0
53,420,316.07376000000005,62,300,64,340,0
53,440,314.17584000000005,62,300,64,340,0
53,460,311.92487,62,300,64,340,0
53,480,309.41946,62,300,64,340,0
53,500,306.74756,62,300,64,340,0
53,520,303.98470000000003,62,300,64,340,0
53,540,301.19440000000003,62,300,64,340,0
53,560,298.42938000000004,62,300,64,340,0
53,580,295.73123000000004,62,300,64,340,0
53,600,293.13190000000003,62,300,64,340,0
53,620,290.65430000000003,62,300,64,340,0
53,640,288.31433000000004,62,300,64,340,0
53,660,286.12085,62,300,64,340,0
53,680,284.077,62,300,64,340,0
53,700,282.18207,62,300,64,340,0
53,720,280.43176,62,300,64,340,0
53,740,278.81873,62,300,64,340,0
53,760,277.33408000000003,62,300,64,340,0
53,780,275.96802,62,300,64,340,0
53,800,274.70938,62,300,64,340,0
53,820,273.54736,62,300,64,340,1
53,840,272.4707,62,300,64,340,1
53,860,271.46875,62,300,64,340,1
53,880,270.5314,62,300,64,340,1
53,900,269.64868,62,300,64,340,1
53,920,268.81183000000004,62,300,64,340,1
53,940,268.01242,62,300,64,340,1
53,960,267.24298000000005,62,300,64,340,1
53,980,266.49658,62,300,64,340,1
53,1000,265.76672,62,300,64,340,1
54,0,256.55078000000003,62,300,64,340,1
54,20,257.6157,62,300,64,340,1
54,40,259.19135,62,300,64,340,1
54,60,261.35626,62,300,64,340,1
54,80,264.18036,62,300,64,340,1
54,100,267.7145,62,300,64,340,1
54,120,271.97498,62,300,64,340,1
54,140,276.92825000000005,62,300,64,340,1
54,160,282.47855000000004,62,300,64,340,1
54,180,288.46216000000004,62,300,64,340,1
54,200,294.6548,62,300,64,340,0
54,220,300.7909,62,300,64,340,0
54,240,306.59442,62,300,64,340,0
54,260,311.81314000000003,62,300,64,340,0
54,280,316.2465,62,300,64,340,0
54,300,319.76428000000004,62,300,64,340,0
54,320,322.3089,62,300,64,340,0
54,340,323.88885000000005,62,300,64,340,0
54,360,324.56393,62,300,64,340,0
54,380,324.42838,62,300,64,340,0
54,400,323.59595,62,300,64,340,0
54,420,322.18747,62,300,64,340,0
54,440,320.3219,62,300,64,340,0
54,460,318.11105000000003,62,300,64,340,0
54,480,315.65573,62,300,64,340,0
54,500,313.04428,62,300,64,340,0
54,520,310.35217,62,300,64,340,0
54,540,307.64252000000005,62,300,64,340,0
54,560,304.96564,62,300,64,340,0
54,580,302.36115,62,300,64,340,0
54,600,299.8587,62,300,64,340,0
54,620,297.47897,62,300,64,340,0
54,640,295.23505,62,300,64,340,0
54,660,293.13388000000003,62,300,64,340,0
54,680,291.177,62,300,64,340,0
54,700,289.362,62,300,64,340,0
54,720,287.68353,62,300,64,340,0
54,740,286.13348,62,300,64,340,0
54,760,284.70276,62,300,64,340,0
54,780,283.38095000000004,62,300,64,340,0
54,800,282.1573,62,300,64,340,0
54,820,281.02097000000003,62,300,64,340,1
54,840,279.9615,62,300,64,340,1
54,860,278.96838,62,300,64,340,1
54,880,278.0323,62,300,64,340,1
54,900,277.1437,62,300,64,340,1
54,920,276.29462,62,300,64,340,1
54,940,275.47717,62,300,64,340,1
54,960,274.68442000000005,62,300,64,340,1
54,980,273.91040000000004,62,300,64,340,1
54,1000,273.14908,62,300,64,340,1
55,0,263.86786,62,300,64,340,1
55,20,264.84863,62,300,64,340,1
55,40,266.33142000000004,62,300,64,340,1
55,60,268.3946,62,300,64,340,1
55,80,271.11032,62,300,64,340,1
55,100,274.5317,62,300,64,340,1
55,120,278.68,62,300,64,340,1
55,140,283.5273,62,300,64,340,1
55,160,288.98456000000004,62,300,64,340,1
55,180,294.89462000000003,62,300,64,340,1
55,200,301.03770000000003,62,300,64,340,0
55,220,307.14978,62,300,64,340,0
55,240,312.9535,62,300,64,340,0
55,260,318.19147000000004,62,300,64,340,0
55,280,322.65674,62,300,64,340,0
55,300,326.21194,62,300,64,340,0
55,320,328.7945,62,300,64,340,0
55,340,330.40958,62,300,64,340,0
55,360,331.11603,62,300,64,340,0
55,380,331.00928000000005,62,300,64,340,0
55,400,330.20535,62,300,64,340,0
55,420,328.82816,62,300,64,340,0
55,440,326.99954,62,300,64,340,0
55,460,324.83320000000003,62,300,64,340,0
55,480,322.43152000000003,62,300,64,340,0
55,500,319.88324,62,300,64,340,0
55,520,317.26343,62,300,64,340,0
55,540,314.63342,62,300,64,340,0
55,560,312.04218000000003,62,300,64,340,0
55,580,309.52692,62,300,64,340,0
55,600,307.115,62,300,64,340,0
55,620,304.82460000000003,62,300,64,340,0
55,640,302.6669,62,300,64,340,0
55,660,300.6469,62,300,64,340,0
55,680,298.76483,62,300,64,340,0
55,700,297.01672,62,300,64,340,0
55,720,295.39655000000005,62,300,64,340,0
55,740,293.89578,62,300,64,340,0
55,760,292.5049,62,300,64,340,0
55,780,291.21362000000005,62,300,64,340,0
55,800,290.01172,62,300,64,340,0
55,820,288.88800000000003,62,300,64,340,1
55,840,287.8329,62,300,64,340,1
55,860,286.8365,62,300,64,340,1
55,880,285.88983,62,300,64,340,1
55,900,284.9843,62,300,64,340,1
55,920,284.11234,62,300,64,340,1
55,940,283.26697,62,300,64,340,1
55,960,282.4416,62,300,64,340,1
55,980,281.63086000000004,62,300,64,340,1
55,1000,280.8294,62,300,64,340,1
56,0,271.92078000000004,62,300,64,340,1
56,20,272.8095,62,300,64,340,1
56,40,274.1908,62,300,64,340,1
56,60,276.1436,62,300,64,340,1
56,80,278.74103,62,300,64,340,1
56,100,282.0396,62,300,64,340,1
56,120,286.06464,62,300,64,340,1
56,140,290.79443000000003,62,300,64,340,1
56,160,296.14648,62,300,64,340,1
56,180,301.97034,62,300,64,340,1
56,200,308.05133,62,300,64,340,0
56,220,314.12780000000004,62,300,64,340,0
56,240,319.92133,62,300,64,340,0
56,260,325.17017000000004,62,300,64,340,0
56,280,329.66083000000003,62,300,64,340,0
56,300,333.24982,62,300,64,340,0
56,320,335.8687,62,300,64,340,0
56,340,337.51917000000003,62,300,64,340,0
56,360,338.2592,62,300,64,340,0
56,380,338.18457,62,300,64,340,0
56,400,337.41376,62,300,64,340,0
56,420,336.0725,62,300,64,340,0
56,440,334.28534,62,300,64,340,0
56,460,332.16754000000003,62,300,64,340,0
56,480,329.82245,62,300,64,340,0
56,500,327.33862000000005,62,300,64,340,0
56,520,324.79040000000003,62,300,64,340,0
56,540,322.2375,62,300,64,340,0
56,560,319.72708,62,300,64,340,0
56,580,317.2943,62,300,64,340,0
56,600,314.96402,62,300,64,340,0
56,620,312.75266000000005,62,300,64,340,0
56,640,310.66937,62,300,64,340,0
56,660,308.7176,62,300,64,340,0
56,680,306.89618,62,300,64,340,0
56,700,305.20038000000005,62,300,64,340,0
56,720,303.6236,62,300,64,340,0
56,740,302.15698000000003,62,300,64,340,0
56,760,300.79102,62,300,64,340,0
56,780,299.51562,62,300,64,340,0
56,800,298.32037,62,300,64,340,0
56,820,297.19550000000004,62,300,64,340,1
56,840,296.13116,62,300,64,340,1
56,860,295.1184,62,300,64,340,1
56,880,294.14865000000003,62,300,64,340,1
56,900,293.21410000000003,62,300,64,340,1
56,920,292.30792,62,300,64,340,1
56,940,291.42346000000003,62,300,64,340,1
56,960,290.55487000000005,62,300,64,340,1
56,980,289.69742,62,300,64,340,1
56,1000,288.84625,62,300,64,340,1
57,0,280.71237,62,300,64,340,1
57,20,281.50485000000003,62,300,64,340,1
57,40,282.77950000000004,62,300,64,340,1
57,60,284.61566000000005,62,300,64,340,1
57,80,287.08832,62,300,64,340,1
57,100,290.2566,62,300,64,340,1
57,120,294.15002000000004,62,300,64,340,1
57,140,298.75323000000003,62,300,64,340,1
57,160,303.99054,62,300,64,340,1
57,180,309.71844000000004,62,300,64,340,1
57,200,315.72784,62,300,64,340,0
57,220,321.76025000000004,62,300,64,340,0
57,240,327.53635,62,300,64,340,0
57,260,332.79065,62,300,64,340,0
57,280,337.30444,62,300,64,340,0
57,300,340.92664,62,300,64,340,0
57,320,343.58374000000003,62,300,64,340,0
57,340,345.27360000000004,62,300,64,340,0
57,360,346.05237000000005,62,300,64,340,0
57,380,346.01657,62,300,64,340,0
57,400,345.2853,62,300,64,340,0
57,420,343.98685,62,300,64,340,0
57,440,342.24704,62,300,64,340,0
57,460,340.18256,62,300,64,340,0
57,480,337.8969,62,300,64,340,0
57,500,335.47852,62,300,64,340,0
57,520,333.0006,62,300,64,340,0
57,540,330.52155000000005,62,300,64,340,0
57,560,328.08615000000003,62,300,64,340,0
57,580,325.72803000000005,62,300,64,340,0
57,600,323.4696,62,300,64,340,0
57,620,321.3258,62,300,64,340,0
57,640,319.30402000000004,62,300,64,340,0
57,660,317.4063,62,300,64,340,0
57,680,315.6307,62,300,64,340,0
57,700,313.97217,62,300,64,340,0
57,720,312.42322,62,300,64,340,0
57,740,310.97522000000004,62,300,64,340,0
57,760,309.6187,62,300,64,340,0
57,780,308.34384,62,300,64,340,0
57,800,307.14070000000004,62,300,64,340,0
57,820,305.99994000000004,62,300,64,340,1
57,840,304.91235,62,300,64,340,1
57,860,303.8697,62,300,64,340,1
57,880,302.86377000000005,62,300,64,340,1
57,900,301.88782000000003,62,300,64,340,1
57,920,300.93518,62,300,64,340,1
57,940,299.9999,62,300,64,340,1
57,960,299.07733,62,300,64,340,1
57,980,298.1624,62,300,64,340,1
57,1000,297.25120000000004,62,300,64,340,1
58,0,290.19434,62,300,64,340,1
58,20,290.89056000000005,62,300,64,340,1
58,40,292.05756,62,300,64,340,1
58,60,293.77533,62,300,64,340,1
58,80,296.12018,62,300,64,340,1
58,100,299.15427,62,300,64,340,1
58,120,302.91162,62,300,64,340,1
58,140,307.383,62,300,64,340,1
58,160,312.49976000000004,62,300,64,340,1
58,180,318.1258,62,300,64,340,1
58,200,324.05817,62,300,64,340,0
58,220,330.0419,62,300,64,340,0
58,240,335.79794000000004,62,300,64,340,0
58,260,341.05774,62,300,64,340,0
58,280,345.59625000000005,62,300,64,340,0
58,300,349.25677,62,300,64,340,0
58,320,351.95923000000005,62,300,64,340,0
58,340,353.6975,62,300,64,340,0
58,360,354.5255,62,300,64,340,0
58,380,354.53888,62,300,64,340,0
58,400,353.85822,62,300,64,340,0
58,420,352.6125,62,300,64,340,0
58,440,350.92877000000004,62,300,64,340,0
58,460,348.92444,62,300,64,340,0
58,480,346.70312,62,300,64,340,0
58,500,344.3526,62,300,64,340,0
58,520,341.94495,62,300,64,340,0
58,540,339.53683,62,300,64,340,0
58,560,337.17148000000003,62,300,64,340,0
58,580,334.8804,62,300,64,340,0
58,600,332.68457,62,300,64,340,0
58,620,330.59720000000004,62,300,64,340,0
58,640,328.62440000000004,62,300,64,340,0
58,660,326.76746,62,300,64,340,0
58,680,325.02368,62,300,64,340,0
58,700,323.38763,62,300,64,340,0
58,720,321.8518,62,300,64,340,0
58,740,320.40747000000005,62,300,64,340,0
58,760,319.04565,62,300,64,340,0
58,780,317.75665000000004,62,300,64,340,0
58,800,316.53125,62,300,64,340,0
58,820,315.3607,62,300,64,340,1
58,840,314.2364,62,300,64,340,1
58,860,313.1505,62,300,64,340,1
58,880,312.09576000000004,62,300,64,340,1
58,900,311.06604000000004,62,300,64,340,1
58,920,310.05502,62,300,64,340,1
58,940,309.05780000000004,62,300,64,340,1
58,960,308.06964000000005,62,300,64,340,1
58,980,307.08643,62,300,64,340,1
58,1000,306.10464,62,300,64,340,1
59,0,300.2644,62,300,64,340,1
59,20,300.86823000000004,62,300,64,340,1
59,40,301.93063,62,300,64,340,1
59,60,303.53198000000003,62,300,64,340,1
59,80,305.75006,62,300,64,340,1
59,100,308.6501,62,300,64,340,1
59,120,312.2706,62,300,64,340,1
59,140,316.60880000000003,62,300,64,340,1
59,160,321.60324,62,300,64,340,1
59,180,327.1256,62,300,64,340,1
59,200,332.98016,62,300,64,340,0
59,220,338.916,62,300,64,340,0
59,240,344.6548,62,300,64,340,0
59,260,349.9253,62,300,64,340,0
59,280,354.4971,62,300,64,340,0
59,300,358.20688,62,300,64,340,0
59,320,360.96823,62,300,64,340,0
59,340,362.77017,62,300,64,340,0
59,360,363.66348000000005,62,300,64,340,0
59,380,363.74332000000004,62,300,64,340,0
59,400,363.12918,62,300,64,340,0
59,420,361.95096,62,300,64,340,0
59,440,360.33655000000005,62,300,64,340,0
59,460,358.40317000000005,62,300,64,340,0
59,480,356.25446000000005,62,300,64,340,0
59,500,353.97723,62,300,64,340,0
59,520,351.6422,62,300,64,340,0
59,540,349.30484,62,300,64,340,0
59,560,347.00674000000004,62,300,64,340,0
59,580,344.77765000000005,62,300,64,340,0
59,600,342.6374,62,300,64,340,0
59,620,340.5976,62,300,64,340,0
59,640,338.6639,62,300,64,340,0
59,660,336.83673000000005,62,300,64,340,0
59,680,335.11304,62,300,64,340,0
59,700,333.48703,62,300,64,340,0
59,720,331.95160000000004,62,300,64,340,0
59,740,330.4982,62,300,64,340,0
59,760,329.11823000000004,62,300,64,340,0
59,780,327.80267000000003,62,300,64,340,0
59,800,326.54266,62,300,64,340,0
59,820,325.33002000000005,62,300,64,340,1
59,840,324.15717,62,300,64,340,1
59,860,323.0165,62,300,64,340,1
59,880,321.90176,62,300,64,340,1
59,900,320.80716,62,300,64,340,1
59,920,319.72723,62,300,64,340,1
59,940,318.6573,62,300,64,340,1
59,960,317.59340000000003,62,300,64,340,1
59,980,316.53195000000005,62,300,64,340,1
59,1000,315.4698,62,300,64,340,1
60,0,310.77320000000003,62,300,64,340,1
60,20,311.29156,62,300,64,340,1
60,40,312.25522,62,300,64,340,1
60,60,313.7448,62,300,64,340,1
60,80,315.84012,62,300,64,340,1
60,100,318.60913000000005,62,300,64,340,1
60,120,322.09546,62,300,64,340,1
60,140,326.30222000000003,62,300,64,340,1
60,160,331.1763,62,300,64,340,1
60,180,336.59778,62,300,64,340,1
60,200,342.37775000000005,62,300,64,340,0
60,220,348.27070000000003,62,300,64,340,0
60,240,354.00012000000004,62,300,64,340,0
60,260,359.29236000000003,62,300,64,340,0
60,280,363.91200000000003,62,300,64,340,0
60,300,367.68835,62,300,64,340,0
60,320,370.52893,62,300,64,340,0
60,340,372.4166,62,300,64,340,0
60,360,373.3985,62,300,64,340,0
60,380,373.5674,62,300,64,340,0
60,400,373.04218000000003,62,300,64,340,0
60,420,371.9524,62,300,64,340,0
60,440,370.42554,62,300,64,340,0
60,460,368.57904,62,300,64,340,0
60,480,366.51570000000004,62,300,64,340,0
60,500,364.32140000000004,62,300,64,340,0
60,520,362.06592,62,300,64,340,0
60,540,359.80334000000005,62,300,64,340,0
60,560,357.57367000000005,62,300,64,340,0
60,580,355.4057,62,300,64,340,0
60,600,353.3179,62,300,64,340,0
60,620,351.32117000000005,62,300,64,340,0
60,640,349.4205,62,300,64,340,0
60,660,347.61597,62,300,64,340,0
60,680,345.90442,62,300,64,340,0
60,700,344.28043,62,300,64,340,0
60,720,342.73657000000003,62,300,64,340,0
60,740,341.26547000000005,62,300,64,340,0
60,760,339.85828000000004,62,300,64,340,0
60,780,338.50708000000003,62,300,64,340,0
60,800,337.20364,62,300,64,340,0
60,820,335.94030000000004,62,300,64,340,1
60,840,334.71002000000004,62,300,64,340,1
60,860,333.50620000000004,62,300,64,340,1
60,880,332.32306000000005,62,300,64,340,1
60,900,331.15524000000005,62,300,64,340,1
60,920,329.9979,62,300,64,340,1
60,940,328.84747000000004,62,300,64,340,1
60,960,327.69977,62,300,64,340,1
60,980,326.552,62,300,64,340,1
60,1000,325.40160000000003,62,300,64,340,1
61,0,321.54382000000004,62,300,64,340,1
61,20,321.98413000000005,62,300,64,340,1
61,40,322.85556,62,300,64,340,1
61,60,324.2394,62,300,64,340,1
61,80,326.21686000000005,62,300,64,340,1
61,100,328.8593,62,300,64,340,1
61,120,332.2151,62,300,64,340,1
61,140,336.29413000000005,62,300,64,340,1
61,160,341.05176,62,300,64,340,1
61,180,346.3768,62,300,64,340,1
61,200,352.08853000000005,62,300,64,340,0
61,220,357.94742,62,300,64,340,0
61,240,363.6791,62,300,64,340,0
61,260,369.00848,62,300,64,340,0
61,280,373.69513,62,300,64,340,0
61,300,377.56125000000003,62,300,64,340,0
61,320,380.50665000000004,62,300,64,340,0
61,340,382.50812,62,300,64,340,0
61,360,383.60785000000004,62,300,64,340,0
61,380,383.89480000000003,62,300,64,340,0
61,400,383.48624,62,300,64,340,0
61,420,382.511,62,300,64,340,0
61,440,381.09546,62,300,64,340,0
61,460,379.3566,62,300,64,340,0
61,480,377.39633000000003,62,300,64,340,0
61,500,375.29987000000006,62,300,64,340,0
61,520,373.13577000000004,62,300,64,340,0
61,540,370.95667000000003,62,300,64,340,0
61,560,368.8018,62,300,64,340,0
61,580,366.69885000000005,62,300,64,340,0
61,600,364.66562000000005,62,300,64,340,0
61,620,362.71255,62,300,64,340,0
61,640,360.8442,62,300,64,340,0
61,660,359.06067,62,300,64,340,0
61,680,357.359,62,300,64,340,0
61,700,355.73383,62,300,64,340,0
61,720,354.17850000000004,62,300,64,340,0
61,740,352.68576,62,300,64,340,0
61,760,351.248,62,300,64,340,0
61,780,349.85727,62,300,64,340,0
61,800,348.50638000000004,62,300,64,340,0
61,820,347.18842,62,300,64,340,1
61,840,345.89680000000004,62,300,64,340,1
61,860,344.62582000000003,62,300,64,340,1
61,880,343.37030000000004,62,300,64,340,1
61,900,342.12506,62,300,64,340,1
61,920,340.88678000000004,62,300,64,340,1
61,940,339.65103000000005,62,300,64,340,1
61,960,338.41540000000003,62,300,64,340,1
61,980,337.17703,62,300,64,340,1
61,1000,335.93362,62,300,64,340,1
62,0,332.39660000000003,62,300,64,340,1
62,20,332.76447,62,300,64,340,1
62,40,333.5485,62,300,64,340,1
62,60,334.83084,62,300,64,340,1
62,80,336.69412000000005,62,300,64,340,1
62,100,339.21332,62,300,64,340,1
62,120,342.44183000000004,62,300,64,340,1
62,140,346.39660000000003,62,300,64,340,1
62,160,351.04150000000004,62,300,64,340,1
62,180,356.27515000000005,62,300,64,340,1
62,200,361.9255,62,300,64,340,0
62,220,367.76007000000004,62,300,64,340,0
62,240,373.5075,62,300,64,340,0
62,260,378.89172,62,300,64,340,0
62,280,383.66718000000003,62,300,64,340,0
62,300,387.64896000000005,62,300,64,340,0
62,320,390.72873000000004,62,300,64,340,0
62,340,392.87567,62,300,64,340,0
62,360,394.12543000000005,62,300,64,340,0
62,380,394.5634,62,300,64,340,0
62,400,394.30344,62,300,64,340,0
62,420,393.47253,62,300,64,340,0
62,440,392.19595000000004,62,300,64,340,0
62,460,390.58957000000004,62,300,64,340,0
62,480,388.75433000000004,62,300,64,340,0
62,500,386.7744,62,300,64,340,0
62,520,384.71735,62,300,64,340,0
62,540,382.63513,62,300,64,340,0
62,560,380.56604000000004,62,300,64,340,0
62,580,378.53708,62,300,64,340,0
62,600,376.56592,62,300,64,340,0
62,620,374.66232,62,300,64,340,0
62,640,372.83127,62,300,64,340,0
62,660,371.07285,62,300,64,340,0
62,680,369.38428000000005,62,300,64,340,0
62,700,367.761,62,300,64,340,0
62,720,366.19684,62,300,64,340,0
62,740,364.68497,62,300,64,340,0
62,760,363.21854,62,300,64,340,0
62,780,361.79056,62,300,64,340,0
62,800,360.39417000000003,62,300,64,340,0
62,820,359.0235,62,300,64,340,1
62,840,357.67252,62,300,64,340,1
62,860,356.33594000000005,62,300,64,340,1
62,880,355.00937000000005,62,300,64,340,1
62,900,353.68854000000005,62,300,64,340,1
62,920,352.36984,62,300,64,340,1
62,940,351.05045,62,300,64,340,1
62,960,349.72766,62,300,64,340,1
62,980,348.39917,62,300,64,340,1
62,1000,347.0631,62,300,64,340,1
63,0,343.17233000000004,62,300,64,340,1
63,20,343.46964,62,300,64,340,1
63,40,344.16754000000003,62,300,64,340,1
63,60,345.34912,62,300,64,340,1
63,80,347.09903,62,300,64,340,1
63,100,349.49548000000004,62,300,64,340,1
63,120,352.59723,62,300,64,340,1
63,140,356.42844,62,300,64,340,1
63,160,360.96274000000005,62,300,64,340,1
63,180,366.10815,62,300,64,340,1
63,200,371.70288000000005,62,300,64,340,0
63,220,377.522,62,300,64,340,0
63,240,383.29773000000006,62,300,64,340,0
63,260,388.75388000000004,62,300,64,340,0
63,280,393.64,62,300,64,340,0
63,300,397.76382,62,300,64,340,0
63,320,401.00757000000004,62,300,64,340,0
63,340,403.33197,62,300,64,340,0
63,360,404.7658,62,300,64,340,0
63,380,405.38815000000005,62,300,64,340,0
63,400,405.3097,62,300,64,340,0
63,420,404.65430000000003,62,300,64,340,0
63,440,403.54532000000006,62,300,64,340,0
63,460,402.09753,62,300,64,340,0
63,480,400.41052,62,300,64,340,0
63,500,398.56775000000005,62,300,64,340,0
63,520,396.63602000000003,62,300,64,340,0
63,540,394.66672000000005,62,300,64,340,0
63,560,392.69736000000006,62,300,64,340,0
63,580,390.7549,62,300,64,340,0
63,600,388.85657000000003,62,300,64,340,0
63,620,387.0129,62,300,64,340,0
63,640,385.2284,62,300,64,340,0
63,660,383.50366,62,300,64,340,0
63,680,381.83688,62,300,64,340,0
63,700,380.22345,62,300,64,340,0
63,720,378.65817000000004,62,300,64,340,0
63,740,377.13525000000004,62,300,64,340,0
63,760,375.6481,62,300,64,340,0
63,780,374.19058,62,300,64,340,0
63,800,372.75662000000005,62,300,64,340,0
63,820,371.34088,62,300,64,340,1
63,840,369.93802000000005,62,300,64,340,1
63,860,368.54355000000004,62,300,64,340,1
63,880,367.1535,62,300,64,340,1
63,900,365.76422,62,300,64,340,1
63,920,364.37268,62,300,64,340,1
63,940,362.97614000000004,62,300,64,340,1
63,960,361.57278,62,300,64,340,1
63,980,360.1605,62,300,64,340,1
63,1000,358.7378,62,300,64,340,1
64,0,353.74997,62,300,64,340,1
64,20,353.97342000000003,62,300,64,340,1
64,40,354.58206,62,300,64,340,1
64,60,355.65930000000003,62,300,64,340,1
64,80,357.29236000000003,62,300,64,340,1
64,100,359.5624,62,300,64,340,1
64,120,362.53433,62,300,64,340,1
64,140,366.23993,62,300,64,340,1
64,160,370.66187,62,300,64,340,1
64,180,375.71957000000003,62,300,64,340,1
64,200,381.26157,62,300,64,340,0
64,220,387.07086000000004,62,300,64,340,0
64,240,392.88530000000003,62,300,64,340,0
64,260,398.42792000000003,62,300,64,340,0
64,280,403.4442,62,300,64,340,0
64,300,407.73376,62,300,64,340,0
64,320,411.16882000000004,62,300,64,340,0
64,340,413.70074000000005,62,300,64,340,0
64,360,415.34958000000006,62,300,64,340,0
64,380,416.18793000000005,62,300,64,340,0
64,400,416.32123,62,300,64,340,0
64,420,415.87003000000004,62,300,64,340,0
64,440,414.9556,62,300,64,340,0
64,460,413.69064000000003,62,300,64,340,0
64,480,412.17416000000003,62,300,64,340,0
64,500,410.48850000000004,62,300,64,340,0
64,520,408.69986000000006,62,300,64,340,0
64,540,406.85920000000004,62,300,64,340,0
64,560,405.00424000000004,62,300,64,340,0
64,580,403.16147,62,300,64,340,0
64,600,401.34875000000005,62,300,64,340,0
64,620,399.57645,62,300,64,340,0
64,640,397.85004000000004,62,300,64,340,0
64,660,396.17040000000003,62,300,64,340,0
64,680,394.53625000000005,62,300,64,340,0
64,700,392.94418,62,300,64,340,0
64,720,391.38934,62,300,64,340,0
64,740,389.86670000000004,62,300,64,340,0
64,760,388.37054,62,300,64,340,0
64,780,386.8954,62,300,64,340,0
64,800,385.43597000000005,62,300,64,340,0
64,820,383.98740000000004,62,300,64,340,1
64,840,382.54514,62,300,64,340,1
64,860,381.10526000000004,62,300,64,340,1
64,880,379.6639,62,300,64,340,1
64,900,378.21863,62,300,64,340,1
64,920,376.76648000000006,62,300,64,340,1
64,940,375.30515,62,300,64,340,1
64,960,373.83320000000003,62,300,64,340,1
64,980,372.34888,62,300,64,340,1
64,1000,370.85123000000004,62,300,64,340,1
65,0,364.05080000000004,62,300,64,340,1
65,20,364.19284000000005,62,300,64,340,1
65,40,364.7044,62,300,64,340,1
65,60,365.66977,62,300,64,340,1
65,80,367.178,62,300,64,340,1
65,100,369.31460000000004,62,300,64,340,1
65,120,372.14984000000004,62,300,64,340,1
65,140,375.72382000000005,62,300,64,340,1
65,160,380.029,62,300,64,340,1
65,180,384.99606000000006,62,300,64,340,1
65,200,390.48468,62,300,64,340,0
65,220,396.28723,62,300,64,340,0
65,240,402.14697,62,300,64,340,0
65,260,407.78732,62,300,64,340,0
65,280,412.94922,62,300,64,340,0
65,300,417.42386000000005,62,300,64,340,0
65,320,421.0734,62,300,64,340,0
65,340,423.83826000000005,62,300,64,340,0
65,360,425.72845,62,300,64,340,0
65,380,426.80917000000005,62,300,64,340,0
65,400,427.1798,62,300,64,340,0
65,420,426.95706,62,300,64,340,0
65,440,426.25937000000005,62,300,64,340,0
65,460,425.19766000000004,62,300,64,340,0
65,480,423.86942000000005,62,300,64,340,0
65,500,422.35706000000005,62,300,64,340,0
65,520,420.72604,62,300,64,340,0
65,540,419.02725000000004,62,300,64,340,0
65,560,417.29858,62,300,64,340,0
65,580,415.56705000000005,62,300,64,340,0
65,600,413.85077,62,300,64,340,0
65,620,412.16086,62,300,64,340,0
65,640,410.50305000000003,62,300,64,340,0
65,660,408.87958000000003,62,300,64,340,0
65,680,407.28955,62,300,64,340,0
65,700,405.7303,62,300,64,340,0
65,720,404.19800000000004,62,300,64,340,0
65,740,402.6882,62,300,64,340,0
65,760,401.1961,62,300,64,340,0
65,780,399.71667,62,300,64,340,0
65,800,398.24573000000004,62,300,64,340,0
65,820,396.77863,62,300,64,340,1
65,840,395.31152000000003,62,300,64,340,1
65,860,393.84097,62,300,64,340,1
65,880,392.3641,62,300,64,340,1
65,900,390.87805000000003,62,300,64,340,1
65,920,389.38074000000006,62,300,64,340,1
65,940,387.87033,62,300,64,340,1
65,960,386.34573,62,300,64,340,1
65,980,384.80518,62,300,64,340,1
65,1000,383.24847000000005,62,300,64,340,1
66,0,374.03574000000003,62,300,64,340,1
66,20,374.08524000000006,62,300,64,340,1
66,40,374.4882,62,300,64,340,1
66,60,375.3306,62,300,64,340,1
66,80,376.70337,62,300,64,340,1
66,100,378.6963,62,300,64,340,1
66,120,381.38547000000005,62,300,64,340,1
66,140,384.81940000000003,62,300,64,340,1
66,160,389.00076,62,300,64,340,1
66,180,393.87213,62,300,64,340,1
66,200,399.30466,62,300,64,340,0
66,220,405.10025,62,300,64,340,0
66,240,411.0086,62,300,64,340,0
66,260,416.75390000000004,62,300,64,340,0
66,280,422.07278,62,300,64,340,0
66,300,426.7477,62,300,64,340,0
66,320,430.62943,62,300,64,340,0
66,340,433.64676000000003,62,300,64,340,0
66,360,435.79932,62,300,64,340,0
66,380,437.14270000000005,62,300,64,340,0
66,400,437.77042000000006,62,300,64,340,0
66,420,437.79395000000005,62,300,64,340,0
66,440,437.32895,62,300,64,340,0
66,460,436.4844,62,300,64,340,0
66,480,435.35706000000005,62,300,64,340,0
66,500,434.02853000000005,62,300,64,340,0
66,520,432.5643,62,300,64,340,0
66,540,431.01570000000004,62,300,64,340,0
66,560,429.42126,62,300,64,340,0
66,580,427.80804000000006,62,300,64,340,0
66,600,426.19537,62,300,64,340,0
66,620,424.595,62,300,64,340,0
66,640,423.01364,62,300,64,340,0
66,660,421.45422,62,300,64,340,0
66,680,419.91708000000006,62,300,64,340,0
66,700,418.40005,62,300,64,340,0
66,720,416.90020000000004,62,300,64,340,0
66,740,415.41388,62,300,64,340,0
66,760,413.9373,62,300,64,340,0
66,780,412.46588,62,300,64,340,0
66,800,410.99594,62,300,64,340,0
66,820,409.5239,62,300,64,340,1
66,840,408.04614000000004,62,300,64,340,1
66,860,406.55988,62,300,64,340,1
66,880,405.06238,62,300,64,340,1
66,900,403.5514,62,300,64,340,1
66,920,402.02527000000003,62,300,64,340,1
66,940,400.4823,62,300,64,340,1
66,960,398.92163000000005,62,300,64,340,1
66,980,397.3423,62,300,64,340,1
66,1000,395.7436,62,300,64,340,1
67,0,383.6959,62,300,64,340,1
67,20,383.63934,62,300,64,340,1
67,40,383.92053000000004,62,300,64,340,1
67,60,384.6267,62,300,64,340,1
67,80,385.85165,62,300,64,340,1
67,100,387.6892,62,300,64,340,1
67,120,390.22168000000005,62,300,64,340,1
67,140,393.5061,62,300,64,340,1
67,160,397.55580000000003,62,300,64,340,1
67,180,402.32483,62,300,64,340,1
67,200,407.69678000000005,62,300,64,340,0
67,220,413.48404000000005,62,300,64,340,0
67,240,419.44210000000004,62,300,64,340,0
67,260,425.29670000000004,62,300,64,340,0
67,280,430.7803,62,300,64,340,0
67,300,435.66602000000006,62,300,64,340,0
67,320,439.7934,62,300,64,340,0
67,340,443.07748000000004,62,300,64,340,0
67,360,445.507,62,300,64,340,0
67,380,447.12762000000004,62,300,64,340,0
67,400,448.02536000000003,62,300,64,340,0
67,420,448.30673,62,300,64,340,0
67,440,448.08405000000005,62,300,64,340,0
67,460,447.46454000000006,62,300,64,340,0
67,480,446.54407000000003,62,300,64,340,0
67,500,445.40396000000004,62,300,64,340,0
67,520,444.11026000000004,62,300,64,340,0
67,540,442.71463000000006,62,300,64,340,0
67,560,441.2563,62,300,64,340,0
67,580,439.76398000000006,62,300,64,340,0
67,600,438.25702,62,300,64,340,0
67,620,436.74875000000003,62,300,64,340,0
67,640,435.24677,62,300,64,340,0
67,660,433.75528,62,300,64,340,0
67,680,432.27500000000003,62,300,64,340,0
67,700,430.80527,62,300,64,340,0
67,720,429.34384000000006,62,300,64,340,0
67,740,427.88797000000005,62,300,64,340,0
67,760,426.43436,62,300,64,340,0
67,780,424.97964,62,300,64,340,0
67,800,423.52042000000006,62,300,64,340,0
67,820,422.05350000000004,62,300,64,340,1
67,840,420.57605,62,300,64,340,1
67,860,419.08572000000004,62,300,64,340,1
67,880,417.58008,62,300,64,340,1
67,900,416.05746000000005,62,300,64,340,1
67,920,414.51640000000003,62,300,64,340,1
67,940,412.95550000000003,62,300,64,340,1
67,960,411.37396,62,300,64,340,1
67,980,409.77124000000003,62,300,64,340,1
67,1000,408.14697,62,300,64,340,1
68,0,393.04208000000006,62,300,64,340,1
68,20,392.86462000000006,62,300,64,340,1
68,40,393.00974,62,300,64,340,1
68,60,393.56613000000004,62,300,64,340,1
68,80,394.63050000000004,62,300,64,340,1
68,100,396.30093000000005,62,300,64,340,1
68,120,398.66632000000004,62,300,64,340,1
68,140,401.79220000000004,62,300,64,340,1
68,160,405.70233,62,300,64,340,1
68,180,410.36322,62,300,64,340,1
68,200,415.67047,62,300,64,340,0
68,220,421.44687000000005,62,300,64,340,0
68,240,427.45480000000003,62,300,64,340,0
68,260,433.4214,62,300,64,340,0
68,280,439.07495000000006,62,300,64,340,0
68,300,444.17908000000006,62,300,64,340,0
68,320,448.56076,62,300,64,340,0
68,340,452.12183000000005,62,300,64,340,0
68,360,454.83807,62,300,64,340,0
68,380,456.745,62,300,64,340,0
68,400,457.92053000000004,62,300,64,340,0
68,420,458.46548,62,300,64,340,0
68,440,458.48923,62,300,64,340,0
68,460,458.09686000000005,62,300,64,340,0
68,480,457.38397000000003,62,300,64,340,0
68,500,456.4315,62,300,64,340,0
68,520,455.30652000000003,62,300,64,340,0
68,540,454.0616,62,300,64,340,0
68,560,452.73690000000005,62,300,64,340,0
68,580,451.36218,62,300,64,340,0
68,600,449.95828000000006,62,300,64,340,0
68,620,448.53973,62,300,64,340,0
68,640,447.11542000000003,62,300,64,340,0
68,660,445.6904,62,300,64,340,0
68,680,444.2669,62,300,64,340,0
68,700,442.84457000000003,62,300,64,340,0
68,720,441.42276000000004,62,300,64,340,0
68,740,439.99942000000004,62,300,64,340,0
68,760,438.57184,62,300,64,340,0
68,780,437.1374,62,300,64,340,0
68,800,435.6934,62,300,64,340,0
68,820,434.23727,62,300,64,340,1
68,840,432.76666000000006,62,300,64,340,1
68,860,431.27930000000003,62,300,64,340,1
68,880,429.77386,62,300,64,340,1
68,900,428.24850000000004,62,300,64,340,1
68,920,426.70187000000004,62,300,64,340,1
68,940,425.13333000000006,62,300,64,340,1
68,960,423.54214,62,300,64,340,1
68,980,421.92786,62,300,64,340,1
68,1000,420.2903,62,300,64,340,1
69,0,402.0942,62,300,64,340,1
69,20,401.78130000000004,62,300,64,340,1
69,40,401.7765,62,300,64,340,1
69,60,402.17010000000005,62,300,64,340,1
69,80,403.06190000000004,62,300,64,340,1
69,100,404.55493,62,300,64,340,1
69,120,406.74426000000005,62,300,64,340,1
69,140,409.70392000000004,62,300,64,340,1
69,160,413.46887000000004,62,300,64,340,1
69,180,418.01703000000003,62,300,64,340,1
69,200,423.2563,62,300,64,340,0
69,220,429.0203,62,300,64,340,0
69,240,435.07820000000004,62,300,64,340,0
69,260,441.15884000000005,62,300,64,340,0
69,280,446.98608,62,300,64,340,0
69,300,452.3138,62,300,64,340,0
69,320,456.956,62,300,64,340,0
69,340,460.80060000000003,62,300,64,340,0
69,360,463.80978000000005,62,300,64,340,0
69,380,466.00787,62,300,64,340,0
69,400,467.46466000000004,62,300,64,340,0
69,420,468.27515000000005,62,300,64,340,0
69,440,468.54490000000004,62,300,64,340,0
69,460,468.37775000000005,62,300,64,340,0
69,480,467.86862,62,300,64,340,0
69,500,467.09912,62,300,64,340,0
69,520,466.13702000000006,62,300,64,340,0
69,540,465.03622,62,300,64,340,0
69,560,463.83840000000004,62,300,64,340,0
69,580,462.57455000000004,62,300,64,340,0
69,600,461.26727000000005,62,300,64,340,0
69,620,459.93207,62,300,64,340,0
69,640,458.5794,62,300,64,340,0
69,660,457.21564000000006,62,300,64,340,0
69,680,455.84372,62,300,64,340,0
69,700,454.4653,62,300,64,340,0
69,720,453.07986000000005,62,300,64,340,0
69,740,451.68640000000005,62,300,64,340,0
69,760,450.28317000000004,62,300,64,340,0
69,780,448.86832000000004,62,300,64,340,0
69,800,447.43933000000004,62,300,64,340,0
69,820,445.99475,62,300,64,340,1
69,840,444.5324,62,300,64,340,1
69,860,443.05054,62,300,64,340,1
69,880,441.54807000000005,62,300,64,340,1
69,900,440.02353000000005,62,300,64,340,1
69,920,438.47614000000004,62,300,64,340,1
69,940,436.90515000000005,62,300,64,340,1
69,960,435.31036000000006,62,300,64,340,1
69,980,433.69122000000004,62,300,64,340,1
69,1000,432.04807000000005,62,300,64,340,1
70,0,410.87485000000004,62,300,64,340,1
70,20,410.41272000000004,62,300,64,340,1
70,40,410.24512000000004,62,300,64,340,1
70,60,410.46445000000006,62,300,64,340,1
70,80,411.1738,62,300,64,340,1
70,100,412.481,62,300,64,340,1
70,120,414.48782000000006,62,300,64,340,1
70,140,417.27643000000006,62,300,64,340,1
70,160,420.89246,62,300,64,340,1
70,180,425.32562,62,300,64,340,1
70,200,430.4959,62,300,64,340,0
70,220,436.24728000000005,62,300,64,340,0
70,240,442.35608,62,300,64,340,0
70,260,448.55264000000005,62,300,64,340,0
70,280,454.5565,62,300,64,340,0
70,300,460.11166000000003,62,300,64,340,0
70,320,465.01886,62,300,64,340,0
70,340,469.15115000000003,62,300,64,340,0
70,360,472.4567,62,300,64,340,0
70,380,474.9485,62,300,64,340,0
70,400,476.68692000000004,62,300,64,340,0
70,420,477.76154,62,300,64,340,0
70,440,478.27432000000005,62,300,64,340,0
70,460,478.32773000000003,62,300,64,340,0
70,480,478.0162,62,300,64,340,0
70,500,477.422,62,300,64,340,0
70,520,476.61475,62,300,64,340,0
70,540,475.64908,62,300,64,340,0
70,560,474.56866,62,300,64,340,0
70,580,473.40643000000006,62,300,64,340,0
70,600,472.18634000000003,62,300,64,340,0
70,620,470.92554,62,300,64,340,0
70,640,469.636,62,300,64,340,0
70,660,468.32526,62,300,64,340,0
70,680,466.99768000000006,62,300,64,340,0
70,700,465.6557,62,300,64,340,0
70,720,464.30023000000006,62,300,64,340,0
70,740,462.93085,62,300,64,340,0
70,760,461.54678,62,300,64,340,0
70,780,460.14667000000003,62,300,64,340,0
70,800,458.72897000000006,62,300,64,340,0
70,820,457.29248,62,300,64,340,1
70,840,455.83566,62,300,64,340,1
70,860,454.35712,62,300,64,340,1
70,880,452.85614000000004,62,300,64,340,1
70,900,451.33185000000003,62,300,64,340,1
70,920,449.78333000000003,62,300,64,340,1
70,940,448.21054000000004,62,300,64,340,1
70,960,446.61298000000005,62,300,64,340,1
70,980,444.99084000000005,62,300,64,340,1
70,1000,443.34427000000005,62,300,64,340,1
71,0,419.40430000000003,62,300,64,340,1
71,20,418.78067000000004,62,300,64,340,1
71,40,418.4391,62,300,64,340,1
71,60,418.4746,62,300,64,340,1
71,80,418.99414,62,300,64,340,1
71,100,420.10983000000004,62,300,64,340,1
71,120,421.93036,62,300,64,340,1
71,140,424.54623000000004,62,300,64,340,1
71,160,428.01276,62,300,64,340,1
71,180,432.33124000000004,62,300,64,340,1
71,200,437.4336,62,300,64,340,0
71,220,443.17413000000005,62,300,64,340,0
71,240,449.33554000000004,62,300,64,340,0
71,260,455.65057,62,300,64,340,0
71,280,461.8335,62,300,64,340,0
71,300,467.61942000000005,62,300,64,340,0
71,320,472.79453000000007,62,300,64,340,0
71,340,477.21713000000005,62,300,64,340,0
71,360,480.82104000000004,62,300,64,340,0
71,380,483.60684000000003,62,300,64,340,0
71,400,485.62598,62,300,64,340,0
71,420,486.96188000000006,62,300,64,340,0
71,440,487.71307,62,300,64,340,0
71,460,487.9805,62,300,64,340,0
71,480,487.85898000000003,62,300,64,340,0
71,500,487.43155,62,300,64,340,0
71,520,486.76917000000003,62,300,64,340,0
71,540,485.92886000000004,62,300,64,340,0
71,560,484.95570000000004,62,300,64,340,0
71,580,483.88452000000007,62,300,64,340,0
71,600,482.74115000000006,62,300,64,340,0
71,620,481.5446,62,300,64,340,0
71,640,480.308,62,300,64,340,0
71,660,479.04065,62,300,64,340,0
71,680,477.74808,62,300,64,340,0
71,700,476.43396,62,300,64,340,0
71,720,475.10016,62,300,64,340,0
71,740,473.74690000000004,62,300,64,340,0
71,760,472.37454,62,300,64,340,0
71,780,470.98240000000004,62,300,64,340,0
71,800,469.56940000000003,62,300,64,340,0
71,820,468.13486000000006,62,300,64,340,1
71,840,466.678,62,300,64,340,1
71,860,465.1977,62,300,64,340,1
71,880,463.69357,62,300,64,340,1
71,900,462.16507,62,300,64,340,1
71,920,460.6118,62,300,64,340,1
71,940,459.03360000000004,62,300,64,340,1
71,960,457.4307,62,300,64,340,1
71,980,455.80310000000003,62,300,64,340,1
71,1000,454.15115000000003,62,300,64,340,1
72,0,427.69800000000004,62,300,64,340,1
72,20,426.90222000000006,62,300,64,340,1
72,40,426.37793000000005,62,300,64,340,1
72,60,426.22302,62,300,64,340,1
72,80,426.5478,62,300,64,340,1
72,100,427.46970000000005,62,300,64,340,1
72,120,429.10336,62,300,64,340,1
72,140,431.54736,62,300,64,340,1
72,160,434.86682,62,300,64,340,1
72,180,439.07404,62,300,64,340,1
72,200,444.11188000000004,62,300,64,340,0
72,220,449.84454000000005,62,300,64,340,0
72,240,456.06183000000004,62,300,64,340,0
72,260,462.49777000000006,62,300,64,340,0
72,280,468.86276000000004,62,300,64,340,0
72,300,474.88153000000005,62,300,64,340,0
72,320,480.32693000000006,62,300,64,340,0
72,340,485.04147000000006,62,300,64,340,0
72,360,488.94437000000005,62,300,64,340,0
72,380,492.02353000000005,62,300,64,340,0
72,400,494.32114,62,300,64,340,0
72,420,495.91452000000004,62,300,64,340,0
72,440,496.89880000000005,62,300,64,340,0
72,460,497.37384000000003,62,300,64,340,0
72,480,497.43423,62,300,64,340,0
72,500,497.16483000000005,62,300,64,340,0
72,520,496.63782000000003,62,300,64,340,0
72,540,495.91248,62,300,64,340,0
72,560,495.03613,62,300,64,340,0
72,580,494.04544000000004,62,300,64,340,0
72,600,492.96844000000004,62,300,64,340,0
72,620,491.82565000000005,62,300,64,340,0
72,640,490.63217000000003,62,300,64,340,0
72,660,489.39835000000005,62,300,64,340,0
72,680,488.13123,62,300,64,340,0
72,700,486.83570000000003,62,300,64,340,0
72,720,485.51434000000006,62,300,64,340,0
72,740,484.16885,62,300,64,340,0
72,760,482.79974000000004,62,300,64,340,0
72,780,481.40756000000005,62,300,64,340,0
72,800,479.9916,62,300,64,340,0
72,820,478.55197000000004,62,300,64,340,1
72,840,477.08783000000005,62,300,64,340,1
72,860,475.5989,62,300,64,340,1
72,880,474.08505,62,300,64,340,1
72,900,472.54608,62,300,64,340,1
72,920,470.98206000000005,62,300,64,340,1
72,940,469.39304000000004,62,300,64,340,1
72,960,467.77914000000004,62,300,64,340,1
72,980,466.14093,62,300,64,340,1
72,1000,464.47894,62,300,64,340,1
73,0,435.76663,62,300,64,340,1
73,20,434.79013000000003,62,300,64,340,1
73,40,434.07663,62,300,64,340,1
73,60,433.7269,62,300,64,340,1
73,80,433.85522000000003,62,300,64,340,1
73,100,434.58368,62,300,64,340,1
73,120,436.03323000000006,62,300,64,340,1
73,140,438.30984,62,300,64,340,1
73,160,441.48760000000004,62,300,64,340,1
73,180,445.58902000000006,62,300,64,340,1
73,200,450.56772,62,300,64,340,0
73,220,456.29733000000004,62,300,64,340,0
73,240,462.57434000000006,62,300,64,340,0
73,260,469.1343,62,300,64,340,0
73,280,475.68370000000004,62,300,64,340,0
73,300,481.93744000000004,62,300,64,340,0
73,320,487.6544,62,300,64,340,0
73,340,492.6617,62,300,64,340,0
73,360,496.86330000000004,62,300,64,340,0
73,380,500.2345,62,300,64,340,0
73,400,502.8081,62,300,64,340,0
73,420,504.65494000000007,62,300,64,340,0
73,440,505.8672,62,300,64,340,0
73,460,506.54290000000003,62,300,64,340,0
73,480,506.77770000000004,62,300,64,340,0
73,500,506.65753000000007,62,300,64,340,0
73,520,506.25708000000003,62,300,64,340,0
73,540,505.63727000000006,62,300,64,340,0
73,560,504.84808000000004,62,300,64,340,0
73,580,503.92828000000003,62,300,64,340,0
73,600,502.90790000000004,62,300,64,340,0
73,620,501.80945,62,300,64,340,0
73,640,500.64935,62,300,64,340,0
73,660,499.43994000000004,62,300,64,340,0
73,680,498.18927,62,300,64,340,0
73,700,496.90344000000005,62,300,64,340,0
73,720,495.58624000000003,62,300,64,340,0
73,740,494.24005000000005,62,300,64,340,0
73,760,492.86650000000003,62,300,64,340,0
73,780,491.46610000000004,62,300,64,340,0
73,800,490.03958000000006,62,300,64,340,0
73,820,488.58698000000004,62,300,64,340,1
73,840,487.10830000000004,62,300,64,340,1
73,860,485.60358,62,300,64,340,1
73,880,484.07318000000004,62,300,64,340,1
73,900,482.51697,62,300,64,340,1
73,920,480.93524,62,300,64,340,1
73,940,479.32860000000005,62,300,64,340,1
73,960,477.69727000000006,62,300,64,340,1
73,980,476.04200000000003,62,300,64,340,1
73,1000,474.36368000000004,62,300,64,340,1
74,0,443.61597000000006,62,300,64,340,1
74,20,442.45236000000006,62,300,64,340,1
74,40,441.54553000000004,62,300,64,340,1
74,60,440.9997,62,300,64,340,1
74,80,440.93274,62,300,64,340,1
74,100,441.47162000000003,62,300,64,340,1
74,120,442.7427,62,300,64,340,1
74,140,444.85883,62,300,64,340,1
74,160,447.90262,62,300,64,340,1
74,180,451.906,62,300,64,340,1
74,200,456.83246,62,300,64,340,0
74,220,462.56485000000004,62,300,64,340,0
74,240,468.90598000000006,62,300,64,340,0
74,260,475.59323000000006,62,300,64,340,0
74,280,482.32898000000006,62,300,64,340,0
74,300,488.81888000000004,62,300,64,340,0
74,320,494.80792,62,300,64,340,0
74,340,500.10782000000006,62,300,64,340,0
74,360,504.60718,62,300,64,340,0
74,380,508.26892000000004,62,300,64,340,0
74,400,511.11557000000005,62,300,64,340,0
74,420,513.21216,62,300,64,340,0
74,440,514.6468500000001,62,300,64,340,0
74,460,515.5174000000001,62,300,64,340,0
74,480,515.9197,62,300,64,340,0
74,500,515.9416500000001,62,300,64,340,0
74,520,515.6592400000001,62,300,64,340,0
74,540,515.13684,62,300,64,340,0
74,560,514.42615,62,300,64,340,0
74,580,513.5687,62,300,64,340,0
74,600,512.5965,62,300,64,340,0
74,620,511.5339,62,300,64,340,0
74,640,510.39923000000005,62,300,64,340,0
74,660,509.20593,62,300,64,340,0
74,680,507.96410000000003,62,300,64,340,0
74,700,506.6804,62,300,64,340,0
74,720,505.35974000000004,62,300,64,340,0
74,740,504.00555,62,300,64,340,0
74,760,502.62003000000004,62,300,64,340,0
74,780,501.20474,62,300,64,340,0
74,800,499.76056000000005,62,300,64,340,0
74,820,498.28824000000003,62,300,64,340,1
74,840,496.78836000000007,62,300,64,340,1
74,860,495.26114000000007,62,300,64,340,1
74,880,493.70728,62,300,64,340,1
74,900,492.12710000000004,62,300,64,340,1
74,920,490.5212,62,300,64,340,1
74,940,488.89035,62,300,64,340,1
74,960,487.23492000000005,62,300,64,340,1
74,980,485.55627000000004,62,300,64,340,1
74,1000,483.85474000000005,62,300,64,340,1
75,0,451.24817,62,300,64,340,1
75,20,449.89343,62,300,64,340,1
75,40,448.79205,62,300,64,340,1
75,60,448.05154000000005,62,300,64,340,1
75,80,447.7934,62,300,64,340,1
75,100,448.14908,62,300,64,340,1
75,120,449.24994000000004,62,300,64,340,1
75,140,451.21542000000005,62,300,64,340,1
75,160,454.13516000000004,62,300,64,340,1
75,180,458.04965000000004,62,300,64,340,1
75,200,462.93207,62,300,64,340,0
75,220,468.6738,62,300,64,340,0
75,240,475.08334,62,300,64,340,0
75,260,481.90042000000005,62,300,64,340,0
75,280,488.82382,62,300,64,340,0
75,300,495.55002,62,300,64,340,0
75,320,501.81113000000005,62,300,64,340,0
75,340,507.4026,62,300,64,340,0
75,360,512.1984,62,300,64,340,0
75,380,516.1483000000001,62,300,64,340,0
75,400,519.2653,62,300,64,340,0
75,420,521.6075000000001,62,300,64,340,0
75,440,523.26044,62,300,64,340,0
75,460,524.32025,62,300,64,340,0
75,480,524.8841,62,300,64,340,0
75,500,525.0412600000001,62,300,64,340,0
75,520,524.8703,62,300,64,340,0
75,540,524.43835,62,300,64,340,0
75,560,523.79913,62,300,64,340,0
75,580,522.9969,62,300,64,340,0
75,600,522.0656,62,300,64,340,0
75,620,521.03186,62,300,64,340,0
75,640,519.9158,62,300,64,340,0
75,660,518.73224,62,300,64,340,0
75,680,517.49255,62,300,64,340,0
75,700,516.20465,62,300,64,340,0
75,720,514.8745,62,300,64,340,0
75,740,513.5062,62,300,64,340,0
75,760,512.10315,62,300,64,340,0
75,780,510.66687,62,300,64,340,0
75,800,509.19952000000006,62,300,64,340,0
75,820,507.70175000000006,62,300,64,340,1
75,840,506.17493,62,300,64,340,1
75,860,504.61963000000003,62,300,64,340,1
75,880,503.03653,62,300,64,340,1
75,900,501.42676000000006,62,300,64,340,1
75,920,499.79095000000007,62,300,64,340,1
75,940,498.13,62,300,64,340,1
75,960,496.44482000000005,62,300,64,340,1
75,980,494.73657000000003,62,300,64,340,1
75,1000,493.00616,62,300,64,340,1
76,0,458.66293,62,300,64,340,1
76,20,457.11533000000003,62,300,64,340,1
76,40,455.82068000000004,62,300,64,340,1
76,60,454.88956,62,300,64,340,1
76,80,454.44748000000004,62,300,64,340,1
76,100,454.6292,62,300,64,340,1
76,120,455.57083000000006,62,300,64,340,1
76,140,457.3969,62,300,64,340,1
76,160,460.20398000000006,62,300,64,340,1
76,180,464.04040000000003,62,300,64,340,1
76,200,468.88745000000006,62,300,64,340,1
76,220,474.6447,62,300,64,340,1
76,240,481.12690000000003,62,300,64,340,1
76,260,488.07590000000005,62,300,64,340,1
76,280,495.18710000000004,62,300,64,340,1
76,300,502.14905000000005,62,300,64,340,1
76,320,508.68033,62,300,64,340,1
76,340,514.5618000000001,62,300,64,340,1
76,360,519.6521,62,300,64,340,1
76,380,523.8877,62,300,64,340,1
76,400,527.2717,62,300,64,340,1
76,420,529.8563,62,300,64,340,1
76,440,531.723,62,300,64,340,1
76,460,532.9677,62,300,64,340,1
76,480,533.6878,62,300,64,340,1
76,500,533.9747,62,300,64,340,1
76,520,533.9098,62,300,64,340,1
76,540,533.5618000000001,62,300,64,340,1
76,560,532.98846,62,300,64,340,1
76,580,532.23553,62,300,64,340,1
76,600,531.3397,62,300,64,340,1
76,620,530.3294000000001,62,300,64,340,1
76,640,529.2266000000001,62,300,64,340,1
76,660,528.0476,62,300,64,340,1
76,680,526.80505,62,300,64,340,1
76,700,525.5084,62,300,64,340,1
76,720,524.16394,62,300,64,340,1
76,740,522.7772,62,300,64,340,1
76,760,521.3518700000001,62,300,64,340,1
76,780,519.8907,62,300,64,340,1
76,800,518.3954500000001,62,300,64,340,1
76,820,516.8680400000001,62,300,64,340,1
76,840,515.3099400000001,62,300,64,340,1
76,860,513.7221000000001,62,300,64,340,1
76,880,512.1058,62,300,64,340,1
76,900,510.46185,62,300,64,340,1
76,920,508.79175000000004,62,300,64,340,1
76,940,507.09607000000005,62,300,64,340,1
76,960,505.37634,62,300,64,340,1
76,980,503.63376000000005,62,300,64,340,1
76,1000,501.86957000000007,62,300,64,340,1
77,0,465.85898000000003,62,300,64,340,1
77,20,464.11940000000004,62,300,64,340,1
77,40,462.6354,62,300,64,340,1
77,60,461.52078000000006,62,300,64,340,1
77,80,460.90393000000006,62,300,64,340,1
77,100,460.92310000000003,62,300,64,340,1
77,120,461.71826000000004,62,300,64,340,1
77,140,463.41837000000004,62,300,64,340,1
77,160,466.12534000000005,62,300,64,340,1
77,180,469.8947,62,300,64,340,1
77,200,474.71512,62,300,64,340,1
77,220,480.494,62,300,64,340,1
77,240,487.05225,62,300,64,340,1
77,260,494.13390000000004,62,300,64,340,1
77,280,501.43240000000003,62,300,64,340,1
77,300,508.62784000000005,62,300,64,340,1
77,320,515.4269400000001,62,300,64,340,1
77,340,521.5955,62,300,64,340,1
77,360,526.9772300000001,62,300,64,340,1
77,380,531.4956000000001,62,300,64,340,1
77,400,535.1437400000001,62,300,64,340,1
77,420,537.96716,62,300,64,340,1
77,440,540.0441000000001,62,300,64,340,1
77,460,541.46954,62,300,64,340,1
77,480,542.3417000000001,62,300,64,340,1
77,500,542.7539,62,300,64,340,1
77,520,542.79016,62,300,64,340,1
77,540,542.5220300000001,62,300,64,340,1
77,560,542.00964,62,300,64,340,1
77,580,541.3017,62,300,64,340,1
77,600,540.4369,62,300,64,340,1
77,620,539.446,62,300,64,340,1
77,640,538.3523,62,300,64,340,1
77,660,537.17426,62,300,64,340,1
77,680,535.9253500000001,62,300,64,340,1
77,700,534.6163300000001,62,300,64,340,1
77,720,533.2545,62,300,64,340,1
77,740,531.84625,62,300,64,340,1
77,760,530.3956000000001,62,300,64,340,1
77,780,528.9062,62,300,64,340,1
77,800,527.38043,62,300,64,340,1
77,820,525.82056,62,300,64,340,1
77,840,524.2284000000001,62,300,64,340,1
77,860,522.6052000000001,62,300,64,340,1
77,880,520.9526000000001,62,300,64,340,1
77,900,519.27155,62,300,64,340,1
77,920,517.5639600000001,62,300,64,340,1
77,940,515.8305,62,300,64,340,1
77,960,514.07294,62,300,64,340,1
77,980,512.2927,62,300,64,340,1
77,1000,510.4909,62,300,64,340,1
78,0,472.83484000000004,62,300,64,340,1
78,20,470.90683,62,300,64,340,1
78,40,469.24008000000003,62,300,64,340,1
78,60,467.9512,62,300,64,340,1
78,80,467.17157000000003,62,300,64,340,1
78,100,467.04178,62,300,64,340,1
78,120,467.7047,62,300,64,340,1
78,140,469.29288,62,300,64,340,1
78,160,471.91296000000006,62,300,64,340,1
78,180,475.62607,62,300,64,340,1
78,200,480.42856000000006,62,300,64,340,1
78,220,486.23456000000004,62,300,64,340,1
78,240,492.87122000000005,62,300,64,340,1
78,260,500.08542000000006,62,300,64,340,1
78,280,507.56873,62,300,64,340,1
78,300,514.9943000000001,62,300,64,340,1
78,320,522.0574,62,300,64,340,1
78,340,528.5093,62,300,64,340,1
78,360,534.1788300000001,62,300,64,340,1
78,380,538.9767,62,300,64,340,1
78,400,542.8858600000001,62,300,64,340,1
78,420,545.9447,62,300,64,340,1
78,440,548.2286,62,300,64,340,1
78,460,549.8312000000001,62,300,64,340,1
78,480,550.85175,62,300,64,340,1
78,500,551.38574,62,300,64,340,1
78,520,551.5194,62,300,64,340,1
78,540,551.3275,62,300,64,340,1
78,560,550.87274,62,300,64,340,1
78,580,550.20654,62,300,64,340,1
78,600,549.3696,62,300,64,340,1
78,620,548.3951400000001,62,300,64,340,1
78,640,547.308,62,300,64,340,1
78,660,546.1282,62,300,64,340,1
78,680,544.8708,62,300,64,340,1
78,700,543.5471,62,300,64,340,1
78,720,542.1659500000001,62,300,64,340,1
78,740,540.7342,62,300,64,340,1
78,760,539.2567,62,300,64,340,1
78,780,537.7375000000001,62,300,64,340,1
78,800,536.17957,62,300,64,340,1
78,820,534.5858000000001,62,300,64,340,1
78,840,532.9578,62,300,64,340,1
78,860,531.2978,62,300,64,340,1
78,880,529.6072,62,300,64,340,1
78,900,527.8876300000001,62,300,64,340,1
78,920,526.1406000000001,62,300,64,340,1
78,940,524.36755,62,300,64,340,1
78,960,522.57043,62,300,64,340,1
78,980,520.7502000000001,62,300,64,340,1
78,1000,518.90875,62,300,64,340,1
79,0,479.58997000000005,62,300,64,340,1
79,20,477.47937,62,300,64,340,1
79,40,475.63895,62,300,64,340,1
79,60,474.18760000000003,62,300,64,340,1
79,80,473.25876000000005,62,300,64,340,1
79,100,472.99518000000006,62,300,64,340,1
79,120,473.54126,62,300,64,340,1
79,140,475.0325,62,300,64,340,1
79,160,477.57904,62,300,64,340,1
79,180,481.24707000000006,62,300,64,340,1
79,200,486.03918000000004,62,300,64,340,1
79,220,491.8766,62,300,64,340,1
79,240,498.59277000000003,62,300,64,340,1
79,260,505.93777000000006,62,300,64,340,1
79,280,513.6023600000001,62,300,64,340,1
79,300,521.2534,62,300,64,340,1
79,320,528.5752,62,300,64,340,1
79,340,535.3055,62,300,64,340,1
79,360,541.25854,62,300,64,340,1
79,380,546.332,62,300,64,340,1
79,400,550.4983500000001,62,300,64,340,1
79,420,553.7897300000001,62,300,64,340,1
79,440,556.27765,62,300,64,340,1
79,460,558.05444,62,300,64,340,1
79,480,559.2206,62,300,64,340,1
79,500,559.8733500000001,62,300,64,340,1
79,520,560.1017,62,300,64,340,1
79,540,559.9833,62,300,64,340,1
79,560,559.5836,62,300,64,340,1
79,580,558.95654,62,300,64,340,1
79,600,558.1454500000001,62,300,64,340,1
79,620,557.1854000000001,62,300,64,340,1
79,640,556.1033,62,300,64,340,1
79,660,554.9203500000001,62,300,64,340,1
79,680,553.65283,62,300,64,340,1
79,700,552.3137,62,300,64,340,1
79,720,550.9123000000001,62,300,64,340,1
79,740,549.4563,62,300,64,340,1
79,760,547.95105,62,300,64,340,1
79,780,546.4016,62,300,64,340,1
79,800,544.8112,62,300,64,340,1
79,820,543.183,62,300,64,340,1
79,840,541.51904,62,300,64,340,1
79,860,539.8217000000001,62,300,64,340,1
79,880,538.0927,62,300,64,340,1
79,900,536.33405,62,300,64,340,1
79,920,534.54736,62,300,64,340,1
79,940,532.7343000000001,62,300,64,340,1
79,960,530.89655,62,300,64,340,1
79,980,529.0357,62,300,64,340,1
79,1000,527.1537500000001,62,300,64,340,1
80,0,486.12546000000003,62,300,64,340,1
80,20,483.84097,62,300,64,340,1
80,40,481.83807,62,300,64,340,1
80,60,480.23816000000005,62,300,64,340,1
80,80,479.17572,62,300,64,340,1
80,100,478.7943,62,300,64,340,1
80,120,479.23993,62,300,64,340,1
80,140,480.64896000000005,62,300,64,340,1
80,160,483.13467,62,300,64,340,1
80,180,486.76785000000007,62,300,64,340,1
80,200,491.55627000000004,62,300,64,340,1
80,220,497.4286,62,300,64,340,1
80,240,504.22380000000004,62,300,64,340,1
80,260,511.69653000000005,62,300,64,340,1
80,280,519.53723,62,300,64,340,1
80,300,527.4076,62,300,64,340,1
80,320,534.98206,62,300,64,340,1
80,340,541.9848000000001,62,300,64,340,1
80,360,548.2162000000001,62,300,64,340,1
80,380,553.5608,62,300,64,340,1
80,400,557.981,62,300,64,340,1
80,420,561.5017,62,300,64,340,1
80,440,564.19037,62,300,64,340,1
80,460,566.13904,62,300,64,340,1
80,480,567.4482,62,300,64,340,1
80,500,568.21747,62,300,64,340,1
80,520,568.5384,62,300,64,340,1
80,540,568.4916000000001,62,300,64,340,1
80,560,568.1452,62,300,64,340,1
80,580,567.5555400000001,62,300,64,340,1
80,600,566.76917,62,300,64,340,1
80,620,565.8224,62,300,64,340,1
80,640,564.7444,62,300,64,340,1
80,660,563.5575600000001,62,300,64,340,1
80,680,562.2798,62,300,64,340,1
80,700,560.92487,62,300,64,340,1
80,720,559.50305,62,300,64,340,1
80,740,558.02295,62,300,64,340,1
80,760,556.4906,62,300,64,340,1
80,780,554.91125,62,300,64,340,1
80,800,553.2887000000001,62,300,64,340,1
80,820,551.62634,62,300,64,340,1
80,840,549.9271,62,300,64,340,1
80,860,548.193,62,300,64,340,1
80,880,546.42664,62,300,64,340,1
80,900,544.6293300000001,62,300,64,340,1
80,920,542.8034700000001,62,300,64,340,1
80,940,540.95087,62,300,64,340,1
80,960,539.073,62,300,64,340,1
80,980,537.1719400000001,62,300,64,340,1
80,1000,535.2497000000001,62,300,64,340,1
